,Candidat,Date,Nb de likes
0,melenchon_2022,2021-12-29 14:17:00+00:00,78
1,melenchon_2022,2021-12-29 13:36:25+00:00,238
2,melenchon_2022,2021-12-28 17:19:00+00:00,468
3,melenchon_2022,2021-12-28 09:42:00+00:00,35
4,melenchon_2022,2021-12-27 15:20:00+00:00,189
5,melenchon_2022,2021-12-27 10:36:00+00:00,334
6,melenchon_2022,2021-12-26 17:27:45+00:00,707
7,melenchon_2022,2021-12-26 09:15:00+00:00,227
8,melenchon_2022,2021-12-25 17:00:00+00:00,109
9,melenchon_2022,2021-12-25 14:14:09+00:00,182
10,melenchon_2022,2021-12-25 12:04:00+00:00,421
11,melenchon_2022,2021-12-24 15:21:45+00:00,7
12,melenchon_2022,2021-12-24 15:00:03+00:00,526
13,melenchon_2022,2021-12-23 16:20:55+00:00,177
14,melenchon_2022,2021-12-23 13:55:00+00:00,189
15,melenchon_2022,2021-12-23 12:31:10+00:00,520
16,melenchon_2022,2021-12-22 08:45:00+00:00,433
17,melenchon_2022,2021-12-21 17:09:05+00:00,385
18,melenchon_2022,2021-12-21 13:20:00+00:00,349
19,melenchon_2022,2021-12-21 08:00:02+00:00,23
20,melenchon_2022,2021-12-20 17:06:25+00:00,95
21,melenchon_2022,2021-12-20 17:05:38+00:00,265
22,melenchon_2022,2021-12-20 17:00:00+00:00,62
23,melenchon_2022,2021-12-20 16:00:02+00:00,74
24,melenchon_2022,2021-12-20 14:36:56+00:00,88
25,melenchon_2022,2021-12-19 13:22:00+00:00,43
26,melenchon_2022,2021-12-19 09:04:00+00:00,72
27,melenchon_2022,2021-12-18 21:19:45+00:00,150
28,melenchon_2022,2021-12-18 20:17:30+00:00,344
29,melenchon_2022,2021-12-18 19:52:57+00:00,378
30,melenchon_2022,2021-12-18 13:12:00+00:00,119
31,melenchon_2022,2021-12-18 11:51:29+00:00,177
32,melenchon_2022,2021-12-18 10:18:31+00:00,70
33,melenchon_2022,2021-12-18 07:35:00+00:00,87
34,melenchon_2022,2021-12-17 16:17:00+00:00,42
35,melenchon_2022,2021-12-17 14:45:11+00:00,42
36,melenchon_2022,2021-12-17 14:45:10+00:00,43
37,melenchon_2022,2021-12-17 14:45:09+00:00,29
38,melenchon_2022,2021-12-17 14:45:07+00:00,302
39,melenchon_2022,2021-12-17 14:00:00+00:00,88
40,melenchon_2022,2021-12-17 12:20:00+00:00,18
41,melenchon_2022,2021-12-17 10:54:00+00:00,49
42,melenchon_2022,2021-12-17 10:48:00+00:00,71
43,melenchon_2022,2021-12-17 07:10:00+00:00,29
44,melenchon_2022,2021-12-16 18:20:00+00:00,47
45,melenchon_2022,2021-12-16 18:02:41+00:00,26
46,melenchon_2022,2021-12-16 18:00:01+00:00,55
47,melenchon_2022,2021-12-16 17:52:06+00:00,166
48,melenchon_2022,2021-12-16 17:14:00+00:00,31
49,melenchon_2022,2021-12-16 16:01:00+00:00,102
50,melenchon_2022,2021-12-16 15:52:46+00:00,3
51,melenchon_2022,2021-12-16 15:12:03+00:00,21
52,melenchon_2022,2021-12-16 15:12:02+00:00,226
53,melenchon_2022,2021-12-16 14:12:29+00:00,104
54,melenchon_2022,2021-12-16 13:46:52+00:00,30
55,melenchon_2022,2021-12-16 12:06:01+00:00,223
56,melenchon_2022,2021-12-16 09:33:05+00:00,81
57,melenchon_2022,2021-12-16 07:49:44+00:00,173
58,melenchon_2022,2021-12-15 23:39:26+00:00,49
59,melenchon_2022,2021-12-15 21:07:23+00:00,100
60,melenchon_2022,2021-12-15 20:52:08+00:00,38
61,melenchon_2022,2021-12-15 20:35:03+00:00,44
62,melenchon_2022,2021-12-15 20:21:34+00:00,38
63,melenchon_2022,2021-12-15 20:17:42+00:00,518
64,melenchon_2022,2021-12-15 19:51:56+00:00,108
65,melenchon_2022,2021-12-15 19:38:45+00:00,53
66,melenchon_2022,2021-12-15 19:30:35+00:00,70
67,melenchon_2022,2021-12-15 19:22:07+00:00,29
68,melenchon_2022,2021-12-15 19:14:48+00:00,21
69,melenchon_2022,2021-12-15 18:58:19+00:00,34
70,melenchon_2022,2021-12-15 18:19:56+00:00,64
71,melenchon_2022,2021-12-15 18:18:11+00:00,84
72,melenchon_2022,2021-12-15 17:30:00+00:00,36
73,melenchon_2022,2021-12-15 17:27:36+00:00,64
74,melenchon_2022,2021-12-15 17:14:56+00:00,1
75,melenchon_2022,2021-12-15 17:14:48+00:00,3
76,melenchon_2022,2021-12-15 16:55:20+00:00,417
77,melenchon_2022,2021-12-15 16:43:40+00:00,150
78,melenchon_2022,2021-12-15 15:52:01+00:00,22
79,melenchon_2022,2021-12-15 15:46:45+00:00,63
80,melenchon_2022,2021-12-15 14:14:40+00:00,120
81,melenchon_2022,2021-12-15 10:27:35+00:00,30
82,melenchon_2022,2021-12-15 09:27:40+00:00,21
83,melenchon_2022,2021-12-15 09:00:00+00:00,113
84,melenchon_2022,2021-12-15 08:01:00+00:00,29
85,melenchon_2022,2021-12-14 17:02:00+00:00,137
86,melenchon_2022,2021-12-14 15:00:00+00:00,87
87,melenchon_2022,2021-12-14 13:42:20+00:00,256
88,melenchon_2022,2021-12-14 12:36:40+00:00,45
89,melenchon_2022,2021-12-14 12:05:00+00:00,36
90,melenchon_2022,2021-12-14 09:20:00+00:00,270
91,melenchon_2022,2021-12-14 07:45:00+00:00,61
92,melenchon_2022,2021-12-13 21:09:53+00:00,278
93,melenchon_2022,2021-12-13 19:58:40+00:00,97
94,melenchon_2022,2021-12-13 18:22:14+00:00,89
95,melenchon_2022,2021-12-13 17:26:38+00:00,9
96,melenchon_2022,2021-12-13 17:00:00+00:00,26
97,melenchon_2022,2021-12-13 16:53:42+00:00,246
98,melenchon_2022,2021-12-13 16:13:24+00:00,81
99,melenchon_2022,2021-12-13 15:22:55+00:00,18
100,melenchon_2022,2021-12-13 15:16:29+00:00,518
101,melenchon_2022,2021-12-13 14:12:19+00:00,48
102,melenchon_2022,2021-12-13 12:03:57+00:00,52
103,melenchon_2022,2021-12-13 12:03:57+00:00,67
104,melenchon_2022,2021-12-13 12:03:55+00:00,212
105,melenchon_2022,2021-12-12 21:52:50+00:00,161
106,melenchon_2022,2021-12-12 21:45:57+00:00,434
107,melenchon_2022,2021-12-12 21:33:12+00:00,144
108,melenchon_2022,2021-12-12 21:06:24+00:00,539
109,melenchon_2022,2021-12-12 21:00:45+00:00,32
110,melenchon_2022,2021-12-12 20:53:33+00:00,127
111,melenchon_2022,2021-12-12 20:46:40+00:00,56
112,melenchon_2022,2021-12-12 20:39:50+00:00,65
113,melenchon_2022,2021-12-12 20:23:27+00:00,63
114,melenchon_2022,2021-12-12 20:14:59+00:00,28
115,melenchon_2022,2021-12-12 20:12:55+00:00,31
116,melenchon_2022,2021-12-12 20:11:54+00:00,44
117,melenchon_2022,2021-12-12 19:53:35+00:00,71
118,melenchon_2022,2021-12-12 19:43:11+00:00,32
119,melenchon_2022,2021-12-12 19:40:46+00:00,57
120,melenchon_2022,2021-12-12 19:27:33+00:00,91
121,melenchon_2022,2021-12-12 19:27:05+00:00,150
122,melenchon_2022,2021-12-12 19:12:47+00:00,26
123,melenchon_2022,2021-12-12 18:26:06+00:00,34
124,melenchon_2022,2021-12-12 18:26:03+00:00,95
125,melenchon_2022,2021-12-12 18:20:10+00:00,113
126,melenchon_2022,2021-12-12 18:14:09+00:00,57
127,melenchon_2022,2021-12-12 18:09:00+00:00,98
128,melenchon_2022,2021-12-12 18:04:54+00:00,15
129,melenchon_2022,2021-12-12 17:54:09+00:00,148
130,melenchon_2022,2021-12-12 17:48:43+00:00,19
131,melenchon_2022,2021-12-12 17:47:44+00:00,63
132,melenchon_2022,2021-12-12 17:38:57+00:00,359
133,melenchon_2022,2021-12-12 17:23:33+00:00,25
134,melenchon_2022,2021-12-12 17:19:06+00:00,84
135,melenchon_2022,2021-12-12 17:17:04+00:00,26
136,melenchon_2022,2021-12-12 17:13:45+00:00,43
137,melenchon_2022,2021-12-12 16:55:58+00:00,60
138,melenchon_2022,2021-12-12 15:38:37+00:00,53
139,melenchon_2022,2021-12-12 14:11:09+00:00,52
140,melenchon_2022,2021-12-12 14:11:08+00:00,53
141,melenchon_2022,2021-12-12 14:11:06+00:00,122
142,melenchon_2022,2021-12-12 14:11:06+00:00,42
143,melenchon_2022,2021-12-12 14:11:04+00:00,75
144,melenchon_2022,2021-12-12 14:11:03+00:00,61
145,melenchon_2022,2021-12-12 14:11:02+00:00,78
146,melenchon_2022,2021-12-12 14:11:01+00:00,255
147,melenchon_2022,2021-12-12 10:18:49+00:00,147
148,melenchon_2022,2021-12-11 19:41:35+00:00,213
149,melenchon_2022,2021-12-10 16:21:21+00:00,162
150,melenchon_2022,2021-12-10 16:05:49+00:00,159
151,melenchon_2022,2021-12-10 15:05:25+00:00,144
152,melenchon_2022,2021-12-10 14:05:25+00:00,98
153,melenchon_2022,2021-12-10 08:00:00+00:00,271
154,melenchon_2022,2021-12-09 20:56:20+00:00,181
155,melenchon_2022,2021-12-09 19:53:18+00:00,92
156,melenchon_2022,2021-12-09 19:23:19+00:00,386
157,melenchon_2022,2021-12-09 19:05:32+00:00,107
158,melenchon_2022,2021-12-09 18:51:13+00:00,192
159,melenchon_2022,2021-12-09 18:27:14+00:00,122
160,melenchon_2022,2021-12-09 17:31:21+00:00,68
161,melenchon_2022,2021-12-09 17:05:46+00:00,44
162,melenchon_2022,2021-12-09 16:57:33+00:00,205
163,melenchon_2022,2021-12-09 16:54:44+00:00,15
164,melenchon_2022,2021-12-09 16:54:41+00:00,19
165,melenchon_2022,2021-12-09 16:54:39+00:00,8
166,melenchon_2022,2021-12-09 16:54:37+00:00,6
167,melenchon_2022,2021-12-09 16:54:35+00:00,11
168,melenchon_2022,2021-12-09 16:54:33+00:00,11
169,melenchon_2022,2021-12-09 16:54:31+00:00,12
170,melenchon_2022,2021-12-09 16:54:29+00:00,10
171,melenchon_2022,2021-12-09 16:54:27+00:00,9
172,melenchon_2022,2021-12-09 16:54:25+00:00,12
173,melenchon_2022,2021-12-09 16:54:22+00:00,11
174,melenchon_2022,2021-12-09 16:54:21+00:00,51
175,melenchon_2022,2021-12-09 13:16:31+00:00,230
176,melenchon_2022,2021-12-09 11:18:54+00:00,174
177,melenchon_2022,2021-12-09 10:58:00+00:00,141
178,melenchon_2022,2021-12-08 19:09:46+00:00,102
179,melenchon_2022,2021-12-08 19:01:38+00:00,78
180,melenchon_2022,2021-12-08 18:36:21+00:00,371
181,melenchon_2022,2021-12-08 18:16:45+00:00,65
182,melenchon_2022,2021-12-08 18:01:00+00:00,65
183,melenchon_2022,2021-12-08 17:58:18+00:00,114
184,melenchon_2022,2021-12-08 17:18:14+00:00,92
185,melenchon_2022,2021-12-08 16:29:22+00:00,154
186,melenchon_2022,2021-12-08 14:06:44+00:00,123
187,melenchon_2022,2021-12-08 09:00:00+00:00,58
188,melenchon_2022,2021-12-08 08:26:59+00:00,101
189,melenchon_2022,2021-12-08 07:00:00+00:00,416
190,melenchon_2022,2021-12-07 19:35:53+00:00,437
191,melenchon_2022,2021-12-07 13:31:50+00:00,226
192,melenchon_2022,2021-12-07 11:54:09+00:00,495
193,melenchon_2022,2021-12-06 20:22:01+00:00,431
194,melenchon_2022,2021-12-06 14:28:00+00:00,17
195,melenchon_2022,2021-12-06 14:26:48+00:00,51
196,melenchon_2022,2021-12-06 14:23:46+00:00,23
197,melenchon_2022,2021-12-06 13:37:00+00:00,105
198,melenchon_2022,2021-12-05 19:07:00+00:00,55
199,melenchon_2022,2021-12-05 18:02:00+00:00,137
200,melenchon_2022,2021-12-05 17:25:44+00:00,495
201,melenchon_2022,2021-12-05 17:00:00+00:00,157
202,melenchon_2022,2021-12-05 15:14:20+00:00,39
203,melenchon_2022,2021-12-05 15:11:13+00:00,326
204,melenchon_2022,2021-12-05 14:54:05+00:00,1049
205,melenchon_2022,2021-12-05 14:50:47+00:00,205
206,melenchon_2022,2021-12-05 14:48:42+00:00,166
207,melenchon_2022,2021-12-05 14:43:41+00:00,162
208,melenchon_2022,2021-12-05 14:42:12+00:00,239
209,melenchon_2022,2021-12-05 14:40:29+00:00,155
210,melenchon_2022,2021-12-05 14:37:18+00:00,151
211,melenchon_2022,2021-12-05 14:28:45+00:00,162
212,melenchon_2022,2021-12-05 14:20:04+00:00,344
213,melenchon_2022,2021-12-05 14:10:10+00:00,320
214,melenchon_2022,2021-12-05 14:10:07+00:00,105
215,melenchon_2022,2021-12-05 14:09:06+00:00,102
216,melenchon_2022,2021-12-05 14:01:46+00:00,61
217,melenchon_2022,2021-12-05 14:01:28+00:00,190
218,melenchon_2022,2021-12-05 13:53:57+00:00,119
219,melenchon_2022,2021-12-05 13:51:55+00:00,149
220,melenchon_2022,2021-12-05 13:51:46+00:00,23
221,melenchon_2022,2021-12-05 13:46:35+00:00,28
222,melenchon_2022,2021-12-05 13:45:49+00:00,272
223,melenchon_2022,2021-12-05 13:44:33+00:00,118
224,melenchon_2022,2021-12-05 13:42:07+00:00,92
225,melenchon_2022,2021-12-05 13:39:51+00:00,102
226,melenchon_2022,2021-12-05 13:31:26+00:00,61
227,melenchon_2022,2021-12-05 13:30:32+00:00,709
228,melenchon_2022,2021-12-05 13:29:29+00:00,103
229,melenchon_2022,2021-12-05 13:23:51+00:00,58
230,melenchon_2022,2021-12-05 13:23:51+00:00,108
231,melenchon_2022,2021-12-05 13:23:49+00:00,50
232,melenchon_2022,2021-12-05 13:20:27+00:00,171
233,melenchon_2022,2021-12-05 13:15:21+00:00,75
234,melenchon_2022,2021-12-05 13:13:47+00:00,294
235,melenchon_2022,2021-12-05 13:12:05+00:00,59
236,melenchon_2022,2021-12-05 13:06:56+00:00,69
237,melenchon_2022,2021-12-05 13:04:50+00:00,120
238,melenchon_2022,2021-12-05 12:48:07+00:00,178
239,melenchon_2022,2021-12-05 12:31:28+00:00,16
240,melenchon_2022,2021-12-05 12:26:26+00:00,40
241,melenchon_2022,2021-12-05 12:26:11+00:00,139
242,melenchon_2022,2021-12-05 11:09:30+00:00,7
243,melenchon_2022,2021-12-05 11:08:26+00:00,89
244,melenchon_2022,2021-12-05 11:04:17+00:00,99
245,melenchon_2022,2021-12-05 11:02:47+00:00,64
246,melenchon_2022,2021-12-05 10:57:25+00:00,96
247,melenchon_2022,2021-12-05 10:55:02+00:00,8
248,melenchon_2022,2021-12-05 10:52:52+00:00,56
249,melenchon_2022,2021-12-05 10:49:45+00:00,625
250,melenchon_2022,2021-12-05 10:46:42+00:00,166
251,melenchon_2022,2021-12-05 10:09:16+00:00,632
252,melenchon_2022,2021-12-05 09:00:02+00:00,63
253,melenchon_2022,2021-12-05 08:23:46+00:00,342
254,melenchon_2022,2021-12-05 08:08:34+00:00,194
255,melenchon_2022,2021-12-05 07:30:00+00:00,168
256,melenchon_2022,2021-12-04 12:24:00+00:00,449
257,melenchon_2022,2021-12-03 21:05:19+00:00,92
258,melenchon_2022,2021-12-03 21:03:20+00:00,23
259,melenchon_2022,2021-12-03 18:00:42+00:00,266
260,melenchon_2022,2021-12-03 16:41:00+00:00,25
261,melenchon_2022,2021-12-03 16:37:00+00:00,59
262,melenchon_2022,2021-12-03 16:03:54+00:00,720
263,melenchon_2022,2021-12-03 13:44:00+00:00,128
264,melenchon_2022,2021-12-03 12:30:57+00:00,254
265,melenchon_2022,2021-12-03 12:24:53+00:00,90
266,melenchon_2022,2021-12-03 11:27:18+00:00,61
267,melenchon_2022,2021-12-03 11:12:57+00:00,75
268,melenchon_2022,2021-12-03 10:38:34+00:00,5
269,melenchon_2022,2021-12-03 10:24:45+00:00,1359
270,melenchon_2022,2021-12-03 08:11:53+00:00,475
271,melenchon_2022,2021-12-03 08:06:12+00:00,263
272,melenchon_2022,2021-12-02 18:26:06+00:00,94
273,melenchon_2022,2021-12-02 16:33:00+00:00,188
274,melenchon_2022,2021-12-02 14:34:00+00:00,91
275,melenchon_2022,2021-12-02 14:03:37+00:00,44
276,melenchon_2022,2021-12-02 12:49:00+00:00,27
277,melenchon_2022,2021-12-02 08:35:30+00:00,8
278,melenchon_2022,2021-12-02 08:29:54+00:00,9
279,melenchon_2022,2021-12-02 07:14:00+00:00,239
280,melenchon_2022,2021-12-01 18:45:00+00:00,90
281,melenchon_2022,2021-12-01 15:25:00+00:00,114
282,melenchon_2022,2021-12-01 14:29:30+00:00,157
283,melenchon_2022,2021-12-01 11:17:15+00:00,82
284,melenchon_2022,2021-12-01 11:07:00+00:00,72
285,melenchon_2022,2021-12-01 09:24:00+00:00,24
286,melenchon_2022,2021-12-01 08:57:38+00:00,253
287,melenchon_2022,2021-12-01 08:50:27+00:00,179
288,n_arthaud,2021-12-28 19:16:34+00:00,1002
289,n_arthaud,2021-12-28 15:18:49+00:00,95
290,n_arthaud,2021-12-27 19:06:23+00:00,168
291,n_arthaud,2021-12-24 16:38:15+00:00,1001
292,n_arthaud,2021-12-24 08:02:54+00:00,684
293,n_arthaud,2021-12-22 14:39:30+00:00,598
294,n_arthaud,2021-12-21 12:13:39+00:00,2333
295,n_arthaud,2021-12-20 08:53:27+00:00,280
296,n_arthaud,2021-12-20 07:45:26+00:00,99
297,n_arthaud,2021-12-19 14:51:28+00:00,120
298,n_arthaud,2021-12-18 13:44:19+00:00,66
299,n_arthaud,2021-12-18 13:24:20+00:00,145
300,n_arthaud,2021-12-18 13:00:41+00:00,77
301,n_arthaud,2021-12-18 12:16:13+00:00,193
302,n_arthaud,2021-12-17 12:06:25+00:00,1952
303,n_arthaud,2021-12-16 09:14:10+00:00,1646
304,n_arthaud,2021-12-15 22:36:46+00:00,105
305,n_arthaud,2021-12-15 21:07:41+00:00,537
306,n_arthaud,2021-12-15 21:02:28+00:00,83
307,n_arthaud,2021-12-15 20:37:58+00:00,98
308,n_arthaud,2021-12-15 20:17:59+00:00,180
309,n_arthaud,2021-12-14 14:12:19+00:00,1697
310,n_arthaud,2021-12-14 07:09:07+00:00,128
311,n_arthaud,2021-12-13 21:51:23+00:00,80
312,n_arthaud,2021-12-12 19:04:55+00:00,138
313,n_arthaud,2021-12-09 14:00:54+00:00,127
314,n_arthaud,2021-12-08 07:55:08+00:00,34
315,n_arthaud,2021-12-06 19:52:00+00:00,297
316,n_arthaud,2021-12-05 07:11:14+00:00,95
317,n_arthaud,2021-12-04 18:32:05+00:00,936
318,n_arthaud,2021-12-03 17:01:11+00:00,131
319,n_arthaud,2021-12-03 08:02:57+00:00,529
320,n_arthaud,2021-12-01 19:19:08+00:00,278
321,n_arthaud,2021-12-01 19:01:23+00:00,89
322,AnasseKazib,2021-12-29 18:18:02+00:00,12
323,AnasseKazib,2021-12-29 12:23:42+00:00,91
324,AnasseKazib,2021-12-29 03:16:41+00:00,37
325,AnasseKazib,2021-12-29 00:18:24+00:00,4
326,AnasseKazib,2021-12-29 00:01:23+00:00,43
327,AnasseKazib,2021-12-28 23:56:04+00:00,40
328,AnasseKazib,2021-12-28 23:52:36+00:00,171
329,AnasseKazib,2021-12-28 23:44:29+00:00,13
330,AnasseKazib,2021-12-28 23:36:27+00:00,6
331,AnasseKazib,2021-12-28 23:30:44+00:00,563
332,AnasseKazib,2021-12-28 22:56:40+00:00,99
333,AnasseKazib,2021-12-28 18:00:31+00:00,902
334,AnasseKazib,2021-12-28 15:31:50+00:00,69
335,AnasseKazib,2021-12-27 23:48:21+00:00,3
336,AnasseKazib,2021-12-27 23:18:25+00:00,253
337,AnasseKazib,2021-12-27 22:28:50+00:00,34
338,AnasseKazib,2021-12-27 21:38:03+00:00,1
339,AnasseKazib,2021-12-27 20:23:01+00:00,352
340,AnasseKazib,2021-12-27 20:12:59+00:00,116
341,AnasseKazib,2021-12-27 19:50:00+00:00,182
342,AnasseKazib,2021-12-27 18:59:27+00:00,47
343,AnasseKazib,2021-12-27 18:58:25+00:00,508
344,AnasseKazib,2021-12-27 18:47:01+00:00,51
345,AnasseKazib,2021-12-27 18:45:57+00:00,1519
346,AnasseKazib,2021-12-27 14:06:32+00:00,96
347,AnasseKazib,2021-12-27 13:31:14+00:00,48
348,AnasseKazib,2021-12-27 13:23:47+00:00,21
349,AnasseKazib,2021-12-27 13:16:42+00:00,94
350,AnasseKazib,2021-12-27 11:58:46+00:00,40
351,AnasseKazib,2021-12-26 22:57:20+00:00,29
352,AnasseKazib,2021-12-26 21:45:53+00:00,94
353,AnasseKazib,2021-12-26 21:44:17+00:00,26
354,AnasseKazib,2021-12-26 19:47:38+00:00,50
355,AnasseKazib,2021-12-26 19:47:37+00:00,129
356,AnasseKazib,2021-12-26 19:43:08+00:00,69
357,AnasseKazib,2021-12-26 19:42:24+00:00,71
358,AnasseKazib,2021-12-26 19:41:48+00:00,59
359,AnasseKazib,2021-12-26 19:41:13+00:00,51
360,AnasseKazib,2021-12-26 19:39:50+00:00,51
361,AnasseKazib,2021-12-26 19:38:20+00:00,59
362,AnasseKazib,2021-12-26 19:37:26+00:00,71
363,AnasseKazib,2021-12-26 19:36:27+00:00,385
364,AnasseKazib,2021-12-25 13:05:56+00:00,857
365,AnasseKazib,2021-12-25 11:19:46+00:00,0
366,AnasseKazib,2021-12-24 21:14:56+00:00,196
367,AnasseKazib,2021-12-24 18:29:17+00:00,194
368,AnasseKazib,2021-12-24 12:05:12+00:00,217
369,AnasseKazib,2021-12-24 11:01:37+00:00,137
370,AnasseKazib,2021-12-24 10:57:28+00:00,737
371,AnasseKazib,2021-12-23 23:24:52+00:00,120
372,AnasseKazib,2021-12-23 19:05:04+00:00,380
373,AnasseKazib,2021-12-23 12:10:47+00:00,1
374,AnasseKazib,2021-12-23 10:18:21+00:00,120
375,AnasseKazib,2021-12-23 10:12:27+00:00,6
376,AnasseKazib,2021-12-23 09:22:36+00:00,1258
377,AnasseKazib,2021-12-23 00:18:09+00:00,3
378,AnasseKazib,2021-12-22 19:31:36+00:00,75
379,AnasseKazib,2021-12-22 18:59:15+00:00,1282
380,AnasseKazib,2021-12-22 16:43:57+00:00,910
381,AnasseKazib,2021-12-22 15:30:02+00:00,352
382,AnasseKazib,2021-12-22 13:14:25+00:00,70
383,AnasseKazib,2021-12-22 11:46:33+00:00,2008
384,AnasseKazib,2021-12-21 19:47:25+00:00,257
385,AnasseKazib,2021-12-21 19:43:27+00:00,101
386,AnasseKazib,2021-12-21 19:22:08+00:00,21
387,AnasseKazib,2021-12-21 19:05:29+00:00,1780
388,AnasseKazib,2021-12-21 15:48:23+00:00,62
389,AnasseKazib,2021-12-21 15:34:42+00:00,218
390,AnasseKazib,2021-12-21 12:35:01+00:00,4
391,AnasseKazib,2021-12-21 12:33:15+00:00,148
392,AnasseKazib,2021-12-21 12:29:26+00:00,214
393,AnasseKazib,2021-12-21 12:13:31+00:00,535
394,AnasseKazib,2021-12-21 01:11:03+00:00,3
395,AnasseKazib,2021-12-21 01:10:43+00:00,30
396,AnasseKazib,2021-12-20 20:56:03+00:00,57
397,AnasseKazib,2021-12-20 20:36:13+00:00,295
398,AnasseKazib,2021-12-20 20:29:19+00:00,622
399,AnasseKazib,2021-12-20 20:26:42+00:00,26
400,AnasseKazib,2021-12-20 20:14:58+00:00,87
401,AnasseKazib,2021-12-20 19:52:20+00:00,320
402,AnasseKazib,2021-12-20 19:35:14+00:00,41
403,AnasseKazib,2021-12-20 19:17:42+00:00,38
404,AnasseKazib,2021-12-20 18:55:02+00:00,235
405,AnasseKazib,2021-12-20 18:47:42+00:00,439
406,AnasseKazib,2021-12-20 18:44:54+00:00,72
407,AnasseKazib,2021-12-20 18:42:08+00:00,41
408,AnasseKazib,2021-12-20 18:42:07+00:00,42
409,AnasseKazib,2021-12-20 18:42:05+00:00,39
410,AnasseKazib,2021-12-20 18:42:01+00:00,37
411,AnasseKazib,2021-12-20 18:41:58+00:00,449
412,AnasseKazib,2021-12-20 16:56:09+00:00,204
413,AnasseKazib,2021-12-20 16:56:08+00:00,174
414,AnasseKazib,2021-12-20 16:45:58+00:00,137
415,AnasseKazib,2021-12-20 16:21:15+00:00,853
416,AnasseKazib,2021-12-20 15:41:45+00:00,73
417,AnasseKazib,2021-12-20 15:07:53+00:00,33
418,AnasseKazib,2021-12-20 15:07:35+00:00,489
419,AnasseKazib,2021-12-20 14:42:45+00:00,35
420,AnasseKazib,2021-12-20 14:34:37+00:00,60
421,AnasseKazib,2021-12-20 14:12:38+00:00,321
422,AnasseKazib,2021-12-20 10:58:16+00:00,609
423,AnasseKazib,2021-12-20 10:57:03+00:00,127
424,AnasseKazib,2021-12-19 11:25:19+00:00,76
425,AnasseKazib,2021-12-19 11:23:10+00:00,70
426,AnasseKazib,2021-12-19 11:22:21+00:00,517
427,AnasseKazib,2021-12-19 10:41:34+00:00,85
428,AnasseKazib,2021-12-19 10:40:45+00:00,429
429,AnasseKazib,2021-12-18 19:59:19+00:00,131
430,AnasseKazib,2021-12-18 19:12:37+00:00,446
431,AnasseKazib,2021-12-18 12:27:35+00:00,4674
432,AnasseKazib,2021-12-17 18:38:43+00:00,610
433,AnasseKazib,2021-12-17 18:16:43+00:00,407
434,AnasseKazib,2021-12-17 17:33:59+00:00,176
435,AnasseKazib,2021-12-17 17:09:07+00:00,2
436,AnasseKazib,2021-12-17 17:05:01+00:00,3
437,AnasseKazib,2021-12-17 16:58:57+00:00,38
438,AnasseKazib,2021-12-17 16:57:27+00:00,11
439,AnasseKazib,2021-12-17 16:42:38+00:00,0
440,AnasseKazib,2021-12-17 16:42:27+00:00,0
441,AnasseKazib,2021-12-16 21:39:22+00:00,426
442,AnasseKazib,2021-12-16 12:37:14+00:00,189
443,AnasseKazib,2021-12-16 10:47:06+00:00,1426
444,AnasseKazib,2021-12-15 20:44:14+00:00,781
445,AnasseKazib,2021-12-15 20:31:05+00:00,50
446,AnasseKazib,2021-12-15 14:12:58+00:00,222
447,AnasseKazib,2021-12-15 12:00:03+00:00,926
448,AnasseKazib,2021-12-14 22:51:47+00:00,52
449,AnasseKazib,2021-12-14 16:25:26+00:00,252
450,AnasseKazib,2021-12-14 16:19:07+00:00,47
451,AnasseKazib,2021-12-14 11:11:33+00:00,82
452,AnasseKazib,2021-12-14 11:02:41+00:00,495
453,AnasseKazib,2021-12-13 22:47:34+00:00,18
454,AnasseKazib,2021-12-13 22:45:43+00:00,412
455,AnasseKazib,2021-12-13 22:19:33+00:00,320
456,AnasseKazib,2021-12-13 15:36:03+00:00,52
457,AnasseKazib,2021-12-13 15:19:56+00:00,265
458,AnasseKazib,2021-12-13 15:04:09+00:00,95
459,AnasseKazib,2021-12-13 12:49:10+00:00,1588
460,AnasseKazib,2021-12-13 11:18:55+00:00,174
461,AnasseKazib,2021-12-13 10:54:53+00:00,49
462,AnasseKazib,2021-12-13 10:45:26+00:00,38
463,AnasseKazib,2021-12-13 10:36:46+00:00,79
464,AnasseKazib,2021-12-13 10:06:07+00:00,745
465,AnasseKazib,2021-12-13 10:03:17+00:00,0
466,AnasseKazib,2021-12-13 09:39:13+00:00,172
467,AnasseKazib,2021-12-13 09:37:04+00:00,8
468,AnasseKazib,2021-12-13 01:41:35+00:00,58
469,AnasseKazib,2021-12-13 01:32:12+00:00,29
470,AnasseKazib,2021-12-13 01:30:03+00:00,143
471,AnasseKazib,2021-12-13 00:22:52+00:00,6
472,AnasseKazib,2021-12-13 00:17:58+00:00,31
473,AnasseKazib,2021-12-12 22:59:59+00:00,643
474,AnasseKazib,2021-12-12 12:40:29+00:00,357
475,AnasseKazib,2021-12-11 21:15:53+00:00,174
476,AnasseKazib,2021-12-11 15:53:57+00:00,85
477,AnasseKazib,2021-12-11 15:53:54+00:00,107
478,AnasseKazib,2021-12-11 15:53:52+00:00,568
479,AnasseKazib,2021-12-11 12:28:07+00:00,126
480,AnasseKazib,2021-12-11 10:51:02+00:00,325
481,AnasseKazib,2021-12-11 10:40:05+00:00,285
482,AnasseKazib,2021-12-11 10:39:12+00:00,568
483,AnasseKazib,2021-12-11 09:38:48+00:00,61
484,AnasseKazib,2021-12-11 09:37:07+00:00,30
485,AnasseKazib,2021-12-11 09:32:13+00:00,52
486,AnasseKazib,2021-12-11 09:21:24+00:00,99
487,AnasseKazib,2021-12-11 08:12:37+00:00,48
488,AnasseKazib,2021-12-11 00:15:28+00:00,35
489,AnasseKazib,2021-12-11 00:15:21+00:00,99
490,AnasseKazib,2021-12-11 00:02:03+00:00,34
491,AnasseKazib,2021-12-10 23:57:57+00:00,245
492,AnasseKazib,2021-12-10 20:28:40+00:00,25
493,AnasseKazib,2021-12-10 17:12:15+00:00,18
494,AnasseKazib,2021-12-10 17:10:13+00:00,18
495,AnasseKazib,2021-12-10 16:51:46+00:00,698
496,AnasseKazib,2021-12-10 13:23:46+00:00,75
497,AnasseKazib,2021-12-10 13:22:19+00:00,95
498,AnasseKazib,2021-12-10 12:52:01+00:00,392
499,AnasseKazib,2021-12-10 12:31:36+00:00,62
500,AnasseKazib,2021-12-10 00:30:28+00:00,9
501,AnasseKazib,2021-12-09 18:34:00+00:00,39
502,AnasseKazib,2021-12-09 16:14:57+00:00,3658
503,AnasseKazib,2021-12-09 10:17:22+00:00,172
504,AnasseKazib,2021-12-08 09:45:16+00:00,385
505,AnasseKazib,2021-12-08 09:29:38+00:00,444
506,AnasseKazib,2021-12-08 08:08:17+00:00,56
507,AnasseKazib,2021-12-07 22:17:30+00:00,78
508,AnasseKazib,2021-12-07 21:07:42+00:00,81
509,AnasseKazib,2021-12-07 17:01:11+00:00,458
510,AnasseKazib,2021-12-07 16:15:49+00:00,502
511,AnasseKazib,2021-12-07 14:02:58+00:00,30
512,AnasseKazib,2021-12-07 14:02:18+00:00,15
513,AnasseKazib,2021-12-07 14:01:13+00:00,13
514,AnasseKazib,2021-12-07 13:59:45+00:00,8
515,AnasseKazib,2021-12-07 13:58:43+00:00,61
516,AnasseKazib,2021-12-07 11:49:04+00:00,51
517,AnasseKazib,2021-12-07 11:40:33+00:00,200
518,AnasseKazib,2021-12-06 13:58:49+00:00,219
519,AnasseKazib,2021-12-06 13:34:34+00:00,37
520,AnasseKazib,2021-12-06 11:01:43+00:00,1084
521,AnasseKazib,2021-12-06 10:47:08+00:00,94
522,AnasseKazib,2021-12-06 10:38:45+00:00,176
523,AnasseKazib,2021-12-05 22:09:58+00:00,236
524,AnasseKazib,2021-12-05 22:02:57+00:00,456
525,AnasseKazib,2021-12-05 17:19:11+00:00,78
526,AnasseKazib,2021-12-05 14:29:30+00:00,1142
527,AnasseKazib,2021-12-05 10:05:54+00:00,98
528,AnasseKazib,2021-12-05 08:43:10+00:00,30
529,AnasseKazib,2021-12-04 23:31:25+00:00,497
530,AnasseKazib,2021-12-04 11:50:14+00:00,196
531,AnasseKazib,2021-12-03 14:47:01+00:00,574
532,AnasseKazib,2021-12-03 12:05:38+00:00,842
533,AnasseKazib,2021-12-03 09:45:14+00:00,64
534,AnasseKazib,2021-12-02 21:54:09+00:00,21
535,AnasseKazib,2021-12-02 21:53:14+00:00,30
536,AnasseKazib,2021-12-02 20:33:42+00:00,36
537,AnasseKazib,2021-12-02 19:49:52+00:00,114
538,AnasseKazib,2021-12-02 19:32:01+00:00,714
539,AnasseKazib,2021-12-02 19:26:04+00:00,80
540,AnasseKazib,2021-12-02 19:17:00+00:00,4
541,AnasseKazib,2021-12-02 16:39:32+00:00,38
542,AnasseKazib,2021-12-02 16:38:59+00:00,83
543,AnasseKazib,2021-12-02 13:51:04+00:00,218
544,AnasseKazib,2021-12-02 12:44:24+00:00,309
545,AnasseKazib,2021-12-02 10:22:19+00:00,201
546,AnasseKazib,2021-12-02 08:45:56+00:00,93
547,AnasseKazib,2021-12-02 07:01:43+00:00,128
548,AnasseKazib,2021-12-02 06:50:08+00:00,157
549,AnasseKazib,2021-12-02 06:41:21+00:00,2
550,AnasseKazib,2021-12-02 06:37:20+00:00,2
551,AnasseKazib,2021-12-02 06:36:00+00:00,2
552,AnasseKazib,2021-12-02 06:31:07+00:00,0
553,AnasseKazib,2021-12-02 06:10:27+00:00,103
554,AnasseKazib,2021-12-02 05:12:36+00:00,13
555,AnasseKazib,2021-12-01 21:40:57+00:00,189
556,AnasseKazib,2021-12-01 21:25:14+00:00,185
557,AnasseKazib,2021-12-01 17:17:59+00:00,1016
558,AnasseKazib,2021-12-01 13:25:13+00:00,41
559,AnasseKazib,2021-12-01 12:43:47+00:00,65
560,AnasseKazib,2021-12-01 12:30:16+00:00,7
561,AnasseKazib,2021-12-01 11:27:30+00:00,764
562,PhilippePoutou,2021-12-27 18:54:07+00:00,14670
563,PhilippePoutou,2021-12-23 20:00:00+00:00,1978
564,PhilippePoutou,2021-12-22 17:29:59+00:00,4923
565,PhilippePoutou,2021-12-22 11:19:18+00:00,4987
566,PhilippePoutou,2021-12-21 15:01:12+00:00,172
567,PhilippePoutou,2021-12-21 07:55:35+00:00,736
568,PhilippePoutou,2021-12-21 07:54:06+00:00,2150
569,PhilippePoutou,2021-12-21 07:52:50+00:00,4501
570,PhilippePoutou,2021-12-21 07:52:11+00:00,2448
571,PhilippePoutou,2021-12-21 07:49:24+00:00,605
572,PhilippePoutou,2021-12-21 07:48:27+00:00,320
573,PhilippePoutou,2021-12-21 07:45:38+00:00,3466
574,PhilippePoutou,2021-12-21 07:44:31+00:00,2100
575,PhilippePoutou,2021-12-21 07:43:50+00:00,413
576,PhilippePoutou,2021-12-21 07:42:37+00:00,264
577,PhilippePoutou,2021-12-21 07:41:54+00:00,859
578,PhilippePoutou,2021-12-21 07:40:54+00:00,1233
579,PhilippePoutou,2021-12-21 07:38:23+00:00,345
580,PhilippePoutou,2021-12-21 07:37:20+00:00,1103
581,PhilippePoutou,2021-12-21 07:35:57+00:00,2159
582,PhilippePoutou,2021-12-20 20:00:01+00:00,319
583,PhilippePoutou,2021-12-19 23:02:57+00:00,3326
584,PhilippePoutou,2021-12-19 22:32:25+00:00,3752
585,PhilippePoutou,2021-12-19 20:00:54+00:00,644
586,PhilippePoutou,2021-12-19 17:01:03+00:00,1435
587,PhilippePoutou,2021-12-19 12:00:54+00:00,1027
588,PhilippePoutou,2021-12-19 10:00:50+00:00,1419
589,PhilippePoutou,2021-12-18 11:26:48+00:00,583
590,PhilippePoutou,2021-12-17 20:00:00+00:00,331
591,PhilippePoutou,2021-12-17 17:24:17+00:00,206
592,PhilippePoutou,2021-12-17 17:01:56+00:00,2404
593,PhilippePoutou,2021-12-17 12:33:02+00:00,6506
594,PhilippePoutou,2021-12-16 20:54:21+00:00,181
595,PhilippePoutou,2021-12-14 17:09:44+00:00,841
596,PhilippePoutou,2021-12-13 17:00:02+00:00,148
597,PhilippePoutou,2021-12-13 13:53:27+00:00,11356
598,PhilippePoutou,2021-12-12 21:30:06+00:00,120
599,PhilippePoutou,2021-12-12 13:43:30+00:00,3570
600,PhilippePoutou,2021-12-11 10:00:02+00:00,345
601,PhilippePoutou,2021-12-10 16:34:18+00:00,13974
602,PhilippePoutou,2021-12-10 15:31:12+00:00,660
603,PhilippePoutou,2021-12-10 11:31:54+00:00,145
604,PhilippePoutou,2021-12-09 20:30:00+00:00,1869
605,PhilippePoutou,2021-12-09 10:47:45+00:00,3491
606,PhilippePoutou,2021-12-09 10:19:31+00:00,545
607,PhilippePoutou,2021-12-08 19:15:06+00:00,2374
608,PhilippePoutou,2021-12-08 18:30:19+00:00,451
609,PhilippePoutou,2021-12-08 17:00:02+00:00,201
610,PhilippePoutou,2021-12-07 12:11:59+00:00,462
611,PhilippePoutou,2021-12-06 13:52:55+00:00,245
612,PhilippePoutou,2021-12-06 08:21:33+00:00,5454
613,PhilippePoutou,2021-12-05 20:00:44+00:00,218
614,PhilippePoutou,2021-12-04 21:03:59+00:00,1818
615,PhilippePoutou,2021-12-03 20:00:00+00:00,1331
616,PhilippePoutou,2021-12-03 10:28:27+00:00,3942
617,PhilippePoutou,2021-12-02 18:48:16+00:00,3212
618,PhilippePoutou,2021-12-02 17:00:00+00:00,302
619,PhilippePoutou,2021-12-02 16:40:36+00:00,267
620,PhilippePoutou,2021-12-02 15:37:52+00:00,1225
621,PhilippePoutou,2021-12-02 10:15:36+00:00,349
622,PhilippePoutou,2021-12-01 17:00:02+00:00,527
623,PhilippePoutou,2021-12-01 13:38:14+00:00,677
624,PhilippePoutou,2021-12-01 13:38:12+00:00,812
625,PhilippePoutou,2021-12-01 13:38:09+00:00,3400
626,Anne_Hidalgo,2021-12-29 11:11:01+00:00,545
627,Anne_Hidalgo,2021-12-29 09:04:52+00:00,110
628,Anne_Hidalgo,2021-12-28 11:41:09+00:00,489
629,Anne_Hidalgo,2021-12-26 13:37:29+00:00,2448
630,Anne_Hidalgo,2021-12-26 10:52:17+00:00,339
631,Anne_Hidalgo,2021-12-26 08:43:53+00:00,429
632,Anne_Hidalgo,2021-12-24 18:08:50+00:00,216
633,Anne_Hidalgo,2021-12-24 18:08:50+00:00,210
634,Anne_Hidalgo,2021-12-24 18:08:50+00:00,770
635,Anne_Hidalgo,2021-12-23 08:31:28+00:00,788
636,Anne_Hidalgo,2021-12-22 15:56:18+00:00,257
637,Anne_Hidalgo,2021-12-21 17:14:44+00:00,1687
638,Anne_Hidalgo,2021-12-21 08:58:13+00:00,209
639,Anne_Hidalgo,2021-12-20 17:37:12+00:00,403
640,Anne_Hidalgo,2021-12-20 06:34:34+00:00,608
641,Anne_Hidalgo,2021-12-19 09:59:22+00:00,235
642,Anne_Hidalgo,2021-12-18 20:22:44+00:00,303
643,Anne_Hidalgo,2021-12-18 11:22:12+00:00,735
644,Anne_Hidalgo,2021-12-17 18:10:52+00:00,315
645,Anne_Hidalgo,2021-12-17 15:22:52+00:00,101
646,Anne_Hidalgo,2021-12-17 13:31:47+00:00,613
647,Anne_Hidalgo,2021-12-16 19:16:28+00:00,51
648,Anne_Hidalgo,2021-12-16 18:21:34+00:00,420
649,Anne_Hidalgo,2021-12-16 15:07:54+00:00,378
650,Anne_Hidalgo,2021-12-15 11:24:07+00:00,219
651,Anne_Hidalgo,2021-12-14 18:25:35+00:00,166
652,Anne_Hidalgo,2021-12-14 18:03:33+00:00,170
653,Anne_Hidalgo,2021-12-14 16:13:29+00:00,1649
654,Anne_Hidalgo,2021-12-14 08:00:31+00:00,65
655,Anne_Hidalgo,2021-12-13 18:18:25+00:00,744
656,Anne_Hidalgo,2021-12-13 11:01:51+00:00,260
657,Anne_Hidalgo,2021-12-12 22:43:58+00:00,88
658,Anne_Hidalgo,2021-12-12 19:48:13+00:00,259
659,Anne_Hidalgo,2021-12-12 15:58:36+00:00,201
660,Anne_Hidalgo,2021-12-12 15:53:55+00:00,288
661,Anne_Hidalgo,2021-12-12 15:42:11+00:00,155
662,Anne_Hidalgo,2021-12-12 15:36:23+00:00,381
663,Anne_Hidalgo,2021-12-12 15:32:56+00:00,186
664,Anne_Hidalgo,2021-12-12 15:28:06+00:00,571
665,Anne_Hidalgo,2021-12-12 15:18:34+00:00,333
666,Anne_Hidalgo,2021-12-12 15:12:21+00:00,173
667,Anne_Hidalgo,2021-12-12 15:10:40+00:00,178
668,Anne_Hidalgo,2021-12-12 15:06:07+00:00,303
669,Anne_Hidalgo,2021-12-12 15:02:21+00:00,159
670,Anne_Hidalgo,2021-12-12 15:00:45+00:00,190
671,Anne_Hidalgo,2021-12-12 14:58:21+00:00,180
672,Anne_Hidalgo,2021-12-12 14:56:30+00:00,241
673,Anne_Hidalgo,2021-12-12 14:50:05+00:00,343
674,Anne_Hidalgo,2021-12-12 13:59:58+00:00,24
675,Anne_Hidalgo,2021-12-12 13:59:58+00:00,98
676,Anne_Hidalgo,2021-12-12 12:21:37+00:00,305
677,Anne_Hidalgo,2021-12-12 11:26:34+00:00,390
678,Anne_Hidalgo,2021-12-11 19:02:08+00:00,6370
679,Anne_Hidalgo,2021-12-10 19:39:38+00:00,134
680,Anne_Hidalgo,2021-12-10 14:34:18+00:00,286
681,Anne_Hidalgo,2021-12-10 13:40:22+00:00,189
682,Anne_Hidalgo,2021-12-09 22:27:08+00:00,318
683,Anne_Hidalgo,2021-12-09 22:20:52+00:00,423
684,Anne_Hidalgo,2021-12-09 22:19:03+00:00,334
685,Anne_Hidalgo,2021-12-09 18:17:21+00:00,279
686,Anne_Hidalgo,2021-12-09 14:02:09+00:00,304
687,Anne_Hidalgo,2021-12-08 19:43:53+00:00,2387
688,Anne_Hidalgo,2021-12-08 12:49:11+00:00,91
689,Anne_Hidalgo,2021-12-08 12:49:11+00:00,60
690,Anne_Hidalgo,2021-12-08 12:49:10+00:00,25
691,Anne_Hidalgo,2021-12-08 12:49:10+00:00,277
692,Anne_Hidalgo,2021-12-08 11:18:17+00:00,280
693,Anne_Hidalgo,2021-12-08 11:15:40+00:00,285
694,Anne_Hidalgo,2021-12-08 11:14:56+00:00,507
695,Anne_Hidalgo,2021-12-08 09:27:42+00:00,344
696,Anne_Hidalgo,2021-12-07 17:13:43+00:00,270
697,Anne_Hidalgo,2021-12-07 16:10:21+00:00,604
698,Anne_Hidalgo,2021-12-06 17:28:58+00:00,285
699,Anne_Hidalgo,2021-12-06 11:46:10+00:00,1081
700,Anne_Hidalgo,2021-12-05 18:36:59+00:00,2031
701,Anne_Hidalgo,2021-12-05 11:42:49+00:00,65
702,Anne_Hidalgo,2021-12-05 11:42:48+00:00,226
703,Anne_Hidalgo,2021-12-05 10:17:40+00:00,191
704,Anne_Hidalgo,2021-12-04 20:40:44+00:00,315
705,Anne_Hidalgo,2021-12-04 19:55:07+00:00,369
706,Anne_Hidalgo,2021-12-04 18:04:05+00:00,195
707,Anne_Hidalgo,2021-12-04 17:30:10+00:00,209
708,Anne_Hidalgo,2021-12-04 14:00:11+00:00,243
709,Anne_Hidalgo,2021-12-03 15:28:24+00:00,248
710,Anne_Hidalgo,2021-12-02 19:41:51+00:00,507
711,Anne_Hidalgo,2021-12-02 18:17:52+00:00,97
712,Anne_Hidalgo,2021-12-01 13:51:31+00:00,64
713,Anne_Hidalgo,2021-12-01 13:51:30+00:00,255
714,montebourg,2021-12-24 16:12:02+00:00,271
715,montebourg,2021-12-21 08:05:34+00:00,149
716,montebourg,2021-12-20 11:53:41+00:00,137
717,montebourg,2021-12-20 09:22:14+00:00,204
718,montebourg,2021-12-19 17:35:46+00:00,93
719,montebourg,2021-12-18 18:34:29+00:00,407
720,montebourg,2021-12-17 15:44:11+00:00,419
721,montebourg,2021-12-17 14:57:25+00:00,1048
722,montebourg,2021-12-15 14:56:56+00:00,164
723,montebourg,2021-12-13 17:30:40+00:00,335
724,montebourg,2021-12-13 17:06:26+00:00,136
725,montebourg,2021-12-12 18:40:19+00:00,272
726,montebourg,2021-12-12 18:22:55+00:00,137
727,montebourg,2021-12-12 18:14:44+00:00,56
728,montebourg,2021-12-12 15:28:38+00:00,39
729,montebourg,2021-12-12 15:28:35+00:00,49
730,montebourg,2021-12-12 15:28:31+00:00,15
731,montebourg,2021-12-12 15:28:29+00:00,98
732,montebourg,2021-12-11 17:45:47+00:00,200
733,montebourg,2021-12-10 17:43:02+00:00,941
734,montebourg,2021-12-10 11:42:43+00:00,323
735,montebourg,2021-12-10 11:06:08+00:00,408
736,montebourg,2021-12-10 10:46:57+00:00,436
737,montebourg,2021-12-10 10:25:25+00:00,2061
738,montebourg,2021-12-10 07:38:24+00:00,265
739,montebourg,2021-12-09 17:25:58+00:00,86
740,montebourg,2021-12-09 15:28:24+00:00,31
741,montebourg,2021-12-09 15:28:21+00:00,35
742,montebourg,2021-12-09 15:28:19+00:00,21
743,montebourg,2021-12-09 15:28:18+00:00,14
744,montebourg,2021-12-09 15:28:16+00:00,12
745,montebourg,2021-12-09 15:28:15+00:00,10
746,montebourg,2021-12-09 15:28:13+00:00,10
747,montebourg,2021-12-09 15:28:12+00:00,80
748,montebourg,2021-12-09 09:20:08+00:00,117
749,montebourg,2021-12-08 21:39:01+00:00,102
750,montebourg,2021-12-08 21:28:00+00:00,127
751,montebourg,2021-12-08 21:25:03+00:00,62
752,montebourg,2021-12-08 21:20:48+00:00,124
753,montebourg,2021-12-08 19:16:34+00:00,278
754,montebourg,2021-12-08 16:55:37+00:00,81
755,montebourg,2021-12-08 16:46:28+00:00,123
756,montebourg,2021-12-08 16:46:25+00:00,86
757,montebourg,2021-12-08 16:46:23+00:00,78
758,montebourg,2021-12-08 16:46:20+00:00,88
759,montebourg,2021-12-08 16:46:18+00:00,73
760,montebourg,2021-12-08 16:46:16+00:00,955
761,montebourg,2021-12-08 15:20:34+00:00,603
762,montebourg,2021-12-08 08:32:11+00:00,125
763,montebourg,2021-12-07 18:58:20+00:00,140
764,montebourg,2021-12-07 18:58:19+00:00,120
765,montebourg,2021-12-07 18:58:19+00:00,98
766,montebourg,2021-12-07 18:58:19+00:00,113
767,montebourg,2021-12-07 18:58:18+00:00,376
768,montebourg,2021-12-03 17:30:34+00:00,111
769,montebourg,2021-12-03 17:14:09+00:00,113
770,montebourg,2021-12-03 17:09:46+00:00,204
771,montebourg,2021-12-03 16:32:27+00:00,52
772,montebourg,2021-12-02 15:41:24+00:00,219
773,montebourg,2021-12-01 15:43:29+00:00,209
774,montebourg,2021-12-01 14:25:33+00:00,174
775,montebourg,2021-12-01 11:38:22+00:00,236
776,montebourg,2021-12-01 10:31:28+00:00,109
777,yjadot,2021-12-29 17:59:59+00:00,7
778,yjadot,2021-12-29 08:33:49+00:00,518
779,yjadot,2021-12-28 15:34:30+00:00,74
780,yjadot,2021-12-28 11:01:12+00:00,16
781,yjadot,2021-12-27 11:59:00+00:00,215
782,yjadot,2021-12-26 21:13:57+00:00,431
783,yjadot,2021-12-25 18:09:03+00:00,331
784,yjadot,2021-12-24 20:07:21+00:00,558
785,yjadot,2021-12-24 16:59:00+00:00,331
786,yjadot,2021-12-24 13:04:34+00:00,142
787,yjadot,2021-12-23 19:41:43+00:00,138
788,yjadot,2021-12-23 19:03:56+00:00,192
789,yjadot,2021-12-23 16:57:23+00:00,2422
790,yjadot,2021-12-23 15:34:58+00:00,277
791,yjadot,2021-12-22 21:00:01+00:00,191
792,yjadot,2021-12-22 20:00:01+00:00,121
793,yjadot,2021-12-22 19:00:05+00:00,246
794,yjadot,2021-12-22 17:20:30+00:00,61
795,yjadot,2021-12-22 17:20:29+00:00,210
796,yjadot,2021-12-22 16:29:08+00:00,755
797,yjadot,2021-12-22 10:06:47+00:00,195
798,yjadot,2021-12-22 08:26:31+00:00,243
799,yjadot,2021-12-22 07:22:54+00:00,413
800,yjadot,2021-12-22 07:21:00+00:00,169
801,yjadot,2021-12-21 22:00:00+00:00,284
802,yjadot,2021-12-21 20:20:18+00:00,216
803,yjadot,2021-12-21 19:10:27+00:00,386
804,yjadot,2021-12-21 12:00:01+00:00,185
805,yjadot,2021-12-21 10:51:07+00:00,117
806,yjadot,2021-12-21 08:40:01+00:00,245
807,yjadot,2021-12-20 21:41:39+00:00,521
808,yjadot,2021-12-20 19:15:21+00:00,157
809,yjadot,2021-12-20 16:46:40+00:00,94
810,yjadot,2021-12-20 15:31:00+00:00,207
811,yjadot,2021-12-20 13:53:39+00:00,128
812,yjadot,2021-12-20 13:53:38+00:00,331
813,yjadot,2021-12-20 11:36:09+00:00,88
814,yjadot,2021-12-20 11:36:09+00:00,319
815,yjadot,2021-12-20 10:20:48+00:00,322
816,yjadot,2021-12-20 08:47:07+00:00,390
817,yjadot,2021-12-20 08:28:31+00:00,123
818,yjadot,2021-12-20 08:21:47+00:00,152
819,yjadot,2021-12-20 08:03:01+00:00,882
820,yjadot,2021-12-19 19:01:35+00:00,139
821,yjadot,2021-12-19 18:09:11+00:00,125
822,yjadot,2021-12-19 13:48:16+00:00,229
823,yjadot,2021-12-18 21:16:21+00:00,167
824,yjadot,2021-12-18 18:39:13+00:00,500
825,yjadot,2021-12-17 19:42:45+00:00,507
826,yjadot,2021-12-17 19:07:18+00:00,154
827,yjadot,2021-12-17 18:00:17+00:00,239
828,yjadot,2021-12-17 16:29:40+00:00,160
829,yjadot,2021-12-17 10:59:39+00:00,95
830,yjadot,2021-12-17 09:58:31+00:00,99
831,yjadot,2021-12-17 09:58:30+00:00,96
832,yjadot,2021-12-17 09:58:29+00:00,62
833,yjadot,2021-12-17 09:58:28+00:00,66
834,yjadot,2021-12-17 09:58:27+00:00,208
835,yjadot,2021-12-17 08:44:00+00:00,8
836,yjadot,2021-12-17 07:40:10+00:00,111
837,yjadot,2021-12-16 20:00:00+00:00,161
838,yjadot,2021-12-16 19:29:57+00:00,122
839,yjadot,2021-12-16 19:17:53+00:00,163
840,yjadot,2021-12-16 19:05:38+00:00,51
841,yjadot,2021-12-16 19:05:38+00:00,97
842,yjadot,2021-12-16 19:03:19+00:00,256
843,yjadot,2021-12-16 18:42:55+00:00,256
844,yjadot,2021-12-16 18:32:24+00:00,115
845,yjadot,2021-12-16 18:20:59+00:00,104
846,yjadot,2021-12-16 17:31:18+00:00,178
847,yjadot,2021-12-16 15:00:03+00:00,68
848,yjadot,2021-12-16 11:59:00+00:00,108
849,yjadot,2021-12-16 10:24:00+00:00,129
850,yjadot,2021-12-16 07:39:56+00:00,267
851,yjadot,2021-12-16 07:15:14+00:00,502
852,yjadot,2021-12-15 21:12:29+00:00,237
853,yjadot,2021-12-15 14:18:45+00:00,83
854,yjadot,2021-12-15 12:14:39+00:00,28
855,yjadot,2021-12-15 11:08:27+00:00,148
856,yjadot,2021-12-15 11:08:27+00:00,283
857,yjadot,2021-12-14 19:38:50+00:00,223
858,yjadot,2021-12-14 15:26:00+00:00,153
859,yjadot,2021-12-14 15:24:00+00:00,148
860,yjadot,2021-12-14 13:02:38+00:00,226
861,yjadot,2021-12-14 12:15:00+00:00,155
862,yjadot,2021-12-14 10:52:40+00:00,1203
863,yjadot,2021-12-14 09:30:39+00:00,65
864,yjadot,2021-12-14 07:59:54+00:00,188
865,yjadot,2021-12-13 20:00:02+00:00,426
866,yjadot,2021-12-13 19:00:02+00:00,221
867,yjadot,2021-12-13 15:56:02+00:00,236
868,yjadot,2021-12-13 14:09:25+00:00,160
869,yjadot,2021-12-13 08:55:22+00:00,378
870,yjadot,2021-12-13 08:26:41+00:00,268
871,yjadot,2021-12-13 08:13:32+00:00,119
872,yjadot,2021-12-13 08:06:55+00:00,102
873,yjadot,2021-12-13 08:04:22+00:00,97
874,yjadot,2021-12-13 07:57:58+00:00,233
875,yjadot,2021-12-13 07:56:35+00:00,246
876,yjadot,2021-12-13 07:36:36+00:00,135
877,yjadot,2021-12-13 07:32:42+00:00,188
878,yjadot,2021-12-13 07:25:21+00:00,305
879,yjadot,2021-12-13 07:23:26+00:00,147
880,yjadot,2021-12-13 07:09:11+00:00,138
881,yjadot,2021-12-13 07:07:25+00:00,137
882,yjadot,2021-12-13 07:02:27+00:00,142
883,yjadot,2021-12-13 06:52:54+00:00,138
884,yjadot,2021-12-13 06:33:22+00:00,379
885,yjadot,2021-12-13 06:20:09+00:00,114
886,yjadot,2021-12-12 20:10:00+00:00,143
887,yjadot,2021-12-12 20:00:00+00:00,106
888,yjadot,2021-12-12 19:50:00+00:00,89
889,yjadot,2021-12-12 19:40:00+00:00,133
890,yjadot,2021-12-12 19:30:00+00:00,107
891,yjadot,2021-12-12 19:01:32+00:00,195
892,yjadot,2021-12-12 18:35:14+00:00,64
893,yjadot,2021-12-12 18:24:48+00:00,117
894,yjadot,2021-12-12 11:19:56+00:00,349
895,yjadot,2021-12-11 19:36:32+00:00,182
896,yjadot,2021-12-11 17:57:29+00:00,296
897,yjadot,2021-12-11 16:31:22+00:00,220
898,yjadot,2021-12-11 16:07:59+00:00,450
899,yjadot,2021-12-11 15:33:37+00:00,458
900,yjadot,2021-12-11 15:25:57+00:00,245
901,yjadot,2021-12-11 15:00:19+00:00,128
902,yjadot,2021-12-11 14:10:41+00:00,72
903,yjadot,2021-12-11 14:03:13+00:00,315
904,yjadot,2021-12-11 13:14:04+00:00,354
905,yjadot,2021-12-11 11:14:54+00:00,100
906,yjadot,2021-12-10 20:41:50+00:00,19
907,yjadot,2021-12-10 20:02:00+00:00,192
908,yjadot,2021-12-10 19:00:02+00:00,179
909,yjadot,2021-12-10 18:11:49+00:00,152
910,yjadot,2021-12-10 16:45:00+00:00,117
911,yjadot,2021-12-10 15:29:00+00:00,262
912,yjadot,2021-12-10 14:31:59+00:00,118
913,yjadot,2021-12-10 11:59:00+00:00,199
914,yjadot,2021-12-10 11:21:38+00:00,123
915,yjadot,2021-12-09 19:49:51+00:00,258
916,yjadot,2021-12-09 18:08:34+00:00,140
917,yjadot,2021-12-09 15:45:00+00:00,115
918,yjadot,2021-12-09 14:45:00+00:00,195
919,yjadot,2021-12-09 13:45:00+00:00,169
920,yjadot,2021-12-09 12:45:00+00:00,137
921,yjadot,2021-12-09 12:31:00+00:00,227
922,yjadot,2021-12-09 11:45:00+00:00,224
923,yjadot,2021-12-09 11:31:25+00:00,107
924,yjadot,2021-12-09 11:00:26+00:00,132
925,yjadot,2021-12-08 19:42:35+00:00,175
926,yjadot,2021-12-08 18:42:29+00:00,320
927,yjadot,2021-12-08 18:22:32+00:00,150
928,yjadot,2021-12-08 16:32:56+00:00,729
929,yjadot,2021-12-08 11:05:05+00:00,76
930,yjadot,2021-12-08 11:05:04+00:00,300
931,yjadot,2021-12-08 08:31:44+00:00,381
932,yjadot,2021-12-07 17:34:13+00:00,410
933,yjadot,2021-12-07 15:29:37+00:00,132
934,yjadot,2021-12-07 14:39:00+00:00,429
935,yjadot,2021-12-06 21:25:53+00:00,235
936,yjadot,2021-12-06 21:18:02+00:00,98
937,yjadot,2021-12-06 20:09:40+00:00,671
938,yjadot,2021-12-06 20:00:02+00:00,269
939,yjadot,2021-12-06 19:01:01+00:00,286
940,yjadot,2021-12-06 15:17:39+00:00,204
941,yjadot,2021-12-06 06:55:54+00:00,798
942,yjadot,2021-12-05 20:19:07+00:00,740
943,yjadot,2021-12-05 19:59:15+00:00,725
944,yjadot,2021-12-05 19:00:01+00:00,177
945,yjadot,2021-12-05 12:30:20+00:00,88
946,yjadot,2021-12-05 12:30:18+00:00,89
947,yjadot,2021-12-05 12:30:16+00:00,74
948,yjadot,2021-12-05 12:30:15+00:00,44
949,yjadot,2021-12-05 12:30:14+00:00,47
950,yjadot,2021-12-05 12:30:12+00:00,59
951,yjadot,2021-12-05 12:30:10+00:00,66
952,yjadot,2021-12-05 12:30:09+00:00,312
953,yjadot,2021-12-05 09:00:02+00:00,264
954,yjadot,2021-12-04 19:49:26+00:00,268
955,yjadot,2021-12-04 19:27:30+00:00,652
956,yjadot,2021-12-04 19:00:00+00:00,176
957,yjadot,2021-12-04 17:34:41+00:00,159
958,yjadot,2021-12-04 16:18:16+00:00,179
959,yjadot,2021-12-04 15:19:16+00:00,930
960,yjadot,2021-12-04 13:45:40+00:00,478
961,yjadot,2021-12-04 13:23:35+00:00,427
962,yjadot,2021-12-03 19:00:01+00:00,211
963,yjadot,2021-12-03 17:18:15+00:00,350
964,yjadot,2021-12-03 15:08:48+00:00,705
965,yjadot,2021-12-03 13:01:49+00:00,113
966,yjadot,2021-12-03 11:47:00+00:00,338
967,yjadot,2021-12-03 11:10:29+00:00,158
968,yjadot,2021-12-03 11:10:28+00:00,103
969,yjadot,2021-12-03 11:10:28+00:00,204
970,yjadot,2021-12-03 09:33:41+00:00,1017
971,yjadot,2021-12-02 19:15:43+00:00,220
972,yjadot,2021-12-02 17:22:44+00:00,31
973,yjadot,2021-12-02 17:17:11+00:00,140
974,yjadot,2021-12-02 12:51:59+00:00,42
975,yjadot,2021-12-02 12:04:53+00:00,111
976,yjadot,2021-12-02 12:01:43+00:00,85
977,yjadot,2021-12-02 12:01:09+00:00,295
978,yjadot,2021-12-01 19:30:29+00:00,84
979,yjadot,2021-12-01 19:19:13+00:00,418
980,yjadot,2021-12-01 16:36:07+00:00,99
981,yjadot,2021-12-01 16:36:05+00:00,234
982,yjadot,2021-12-01 16:36:04+00:00,67
983,yjadot,2021-12-01 16:36:04+00:00,59
984,yjadot,2021-12-01 16:36:03+00:00,52
985,yjadot,2021-12-01 16:36:02+00:00,52
986,yjadot,2021-12-01 16:36:02+00:00,45
987,yjadot,2021-12-01 16:36:01+00:00,56
988,yjadot,2021-12-01 16:36:00+00:00,235
989,yjadot,2021-12-01 12:00:03+00:00,157
990,EmmanuelMacron,2021-12-26 12:10:55+00:00,7234
991,EmmanuelMacron,2021-12-25 14:53:58+00:00,8225
992,EmmanuelMacron,2021-12-24 17:00:03+00:00,6948
993,EmmanuelMacron,2021-12-23 08:31:16+00:00,13433
994,EmmanuelMacron,2021-12-19 16:06:44+00:00,2724
995,EmmanuelMacron,2021-12-17 15:45:14+00:00,2194
996,EmmanuelMacron,2021-12-17 00:29:25+00:00,6551
997,EmmanuelMacron,2021-12-16 00:31:24+00:00,1539
998,EmmanuelMacron,2021-12-16 00:31:23+00:00,2647
999,EmmanuelMacron,2021-12-15 23:42:59+00:00,3094
1000,EmmanuelMacron,2021-12-15 23:13:48+00:00,1214
1001,EmmanuelMacron,2021-12-15 22:42:08+00:00,2329
1002,EmmanuelMacron,2021-12-15 22:21:06+00:00,1624
1003,EmmanuelMacron,2021-12-15 22:21:05+00:00,1447
1004,EmmanuelMacron,2021-12-15 22:21:04+00:00,455
1005,EmmanuelMacron,2021-12-15 22:21:04+00:00,584
1006,EmmanuelMacron,2021-12-15 22:21:03+00:00,481
1007,EmmanuelMacron,2021-12-15 22:21:03+00:00,3863
1008,EmmanuelMacron,2021-12-15 22:12:06+00:00,1599
1009,EmmanuelMacron,2021-12-15 21:29:47+00:00,2415
1010,EmmanuelMacron,2021-12-15 21:11:58+00:00,3182
1011,EmmanuelMacron,2021-12-15 16:30:02+00:00,735
1012,EmmanuelMacron,2021-12-15 16:30:01+00:00,874
1013,EmmanuelMacron,2021-12-15 16:30:00+00:00,1795
1014,EmmanuelMacron,2021-12-15 12:01:59+00:00,17129
1015,EmmanuelMacron,2021-12-13 17:41:24+00:00,2471
1016,EmmanuelMacron,2021-12-13 15:25:40+00:00,2050
1017,EmmanuelMacron,2021-12-13 14:55:20+00:00,7052
1018,EmmanuelMacron,2021-12-12 12:31:23+00:00,6579
1019,EmmanuelMacron,2021-12-12 12:11:56+00:00,2025
1020,EmmanuelMacron,2021-12-10 19:57:29+00:00,4225
1021,EmmanuelMacron,2021-12-10 12:42:38+00:00,2798
1022,EmmanuelMacron,2021-12-10 12:29:26+00:00,5356
1023,EmmanuelMacron,2021-12-09 20:46:00+00:00,1499
1024,EmmanuelMacron,2021-12-09 20:27:40+00:00,779
1025,EmmanuelMacron,2021-12-09 20:27:39+00:00,787
1026,EmmanuelMacron,2021-12-09 20:27:39+00:00,1404
1027,EmmanuelMacron,2021-12-09 20:07:07+00:00,551
1028,EmmanuelMacron,2021-12-09 20:07:06+00:00,615
1029,EmmanuelMacron,2021-12-09 20:07:06+00:00,222
1030,EmmanuelMacron,2021-12-09 20:07:05+00:00,1206
1031,EmmanuelMacron,2021-12-09 19:35:15+00:00,864
1032,EmmanuelMacron,2021-12-09 19:35:15+00:00,739
1033,EmmanuelMacron,2021-12-09 19:35:14+00:00,235
1034,EmmanuelMacron,2021-12-09 19:35:14+00:00,229
1035,EmmanuelMacron,2021-12-09 19:35:13+00:00,1939
1036,EmmanuelMacron,2021-12-09 19:06:52+00:00,680
1037,EmmanuelMacron,2021-12-09 19:06:51+00:00,720
1038,EmmanuelMacron,2021-12-09 19:06:51+00:00,302
1039,EmmanuelMacron,2021-12-09 19:06:50+00:00,287
1040,EmmanuelMacron,2021-12-09 19:06:50+00:00,312
1041,EmmanuelMacron,2021-12-09 19:06:50+00:00,319
1042,EmmanuelMacron,2021-12-09 19:06:49+00:00,1877
1043,EmmanuelMacron,2021-12-09 18:55:01+00:00,5543
1044,EmmanuelMacron,2021-12-09 18:13:54+00:00,3319
1045,EmmanuelMacron,2021-12-09 15:25:05+00:00,2227
1046,EmmanuelMacron,2021-12-08 21:18:33+00:00,2531
1047,EmmanuelMacron,2021-12-08 18:01:22+00:00,3059
1048,EmmanuelMacron,2021-12-08 10:12:22+00:00,3392
1049,EmmanuelMacron,2021-12-08 08:45:00+00:00,19462
1050,EmmanuelMacron,2021-12-07 20:42:27+00:00,2028
1051,EmmanuelMacron,2021-12-07 13:49:45+00:00,2244
1052,EmmanuelMacron,2021-12-07 13:29:56+00:00,1733
1053,EmmanuelMacron,2021-12-05 18:23:25+00:00,3282
1054,EmmanuelMacron,2021-12-04 14:21:12+00:00,1016
1055,EmmanuelMacron,2021-12-04 14:21:12+00:00,1208
1056,EmmanuelMacron,2021-12-04 14:21:11+00:00,3396
1057,EmmanuelMacron,2021-12-03 18:10:51+00:00,1146
1058,EmmanuelMacron,2021-12-03 18:10:49+00:00,1112
1059,EmmanuelMacron,2021-12-03 17:50:25+00:00,3408
1060,EmmanuelMacron,2021-12-03 16:03:02+00:00,2037
1061,EmmanuelMacron,2021-12-03 15:19:23+00:00,704
1062,EmmanuelMacron,2021-12-03 14:49:34+00:00,2148
1063,EmmanuelMacron,2021-12-03 14:16:56+00:00,2300
1064,EmmanuelMacron,2021-12-03 10:45:08+00:00,1739
1065,EmmanuelMacron,2021-12-03 10:42:17+00:00,5416
1066,EmmanuelMacron,2021-12-03 07:08:23+00:00,1096
1067,EmmanuelMacron,2021-12-03 07:08:22+00:00,2780
1068,EmmanuelMacron,2021-12-02 12:57:06+00:00,2207
1069,EmmanuelMacron,2021-12-02 08:27:07+00:00,5122
1070,EmmanuelMacron,2021-12-01 12:49:00+00:00,1617
1071,vpecresse,2021-12-26 14:25:41+00:00,858
1072,vpecresse,2021-12-26 12:02:31+00:00,527
1073,vpecresse,2021-12-25 15:13:59+00:00,809
1074,vpecresse,2021-12-25 09:45:36+00:00,1447
1075,vpecresse,2021-12-24 16:07:18+00:00,2303
1076,vpecresse,2021-12-23 21:29:54+00:00,321
1077,vpecresse,2021-12-23 12:06:30+00:00,1522
1078,vpecresse,2021-12-23 08:28:51+00:00,1011
1079,vpecresse,2021-12-23 05:46:13+00:00,700
1080,vpecresse,2021-12-20 20:46:55+00:00,1877
1081,vpecresse,2021-12-18 18:37:35+00:00,612
1082,vpecresse,2021-12-18 18:25:18+00:00,201
1083,vpecresse,2021-12-17 16:49:18+00:00,390
1084,vpecresse,2021-12-17 13:10:26+00:00,1135
1085,vpecresse,2021-12-17 09:31:11+00:00,637
1086,vpecresse,2021-12-16 19:54:03+00:00,580
1087,vpecresse,2021-12-16 19:42:04+00:00,957
1088,vpecresse,2021-12-15 16:20:40+00:00,241
1089,vpecresse,2021-12-15 16:18:57+00:00,670
1090,vpecresse,2021-12-15 11:56:37+00:00,1152
1091,vpecresse,2021-12-14 12:15:58+00:00,1577
1092,vpecresse,2021-12-13 19:25:54+00:00,920
1093,vpecresse,2021-12-12 12:45:42+00:00,661
1094,vpecresse,2021-12-11 14:50:18+00:00,871
1095,vpecresse,2021-12-11 14:47:03+00:00,449
1096,vpecresse,2021-12-11 14:44:55+00:00,508
1097,vpecresse,2021-12-11 14:43:19+00:00,340
1098,vpecresse,2021-12-11 14:39:39+00:00,416
1099,vpecresse,2021-12-11 14:37:35+00:00,300
1100,vpecresse,2021-12-11 14:34:03+00:00,426
1101,vpecresse,2021-12-11 14:32:33+00:00,624
1102,vpecresse,2021-12-11 14:28:49+00:00,306
1103,vpecresse,2021-12-11 14:26:59+00:00,431
1104,vpecresse,2021-12-11 14:10:07+00:00,1212
1105,vpecresse,2021-12-10 15:52:00+00:00,1075
1106,vpecresse,2021-12-10 10:33:57+00:00,725
1107,vpecresse,2021-12-09 12:58:53+00:00,935
1108,vpecresse,2021-12-09 08:58:25+00:00,590
1109,vpecresse,2021-12-07 23:34:37+00:00,1401
1110,vpecresse,2021-12-07 18:35:00+00:00,573
1111,vpecresse,2021-12-06 20:43:14+00:00,1043
1112,vpecresse,2021-12-05 13:57:24+00:00,898
1113,vpecresse,2021-12-04 19:45:04+00:00,1229
1114,vpecresse,2021-12-04 19:41:35+00:00,2307
1115,vpecresse,2021-12-04 15:40:52+00:00,2726
1116,vpecresse,2021-12-03 14:30:08+00:00,712
1117,vpecresse,2021-12-03 13:58:27+00:00,515
1118,vpecresse,2021-12-03 13:42:04+00:00,1335
1119,vpecresse,2021-12-02 17:03:54+00:00,809
1120,vpecresse,2021-12-02 16:58:41+00:00,914
1121,vpecresse,2021-12-02 15:58:53+00:00,521
1122,vpecresse,2021-12-02 11:10:08+00:00,224
1123,vpecresse,2021-12-02 10:57:51+00:00,483
1124,vpecresse,2021-12-01 14:13:41+00:00,904
1125,vpecresse,2021-12-01 14:08:48+00:00,134
1126,vpecresse,2021-12-01 09:40:14+00:00,391
1127,MLP_officiel,2021-12-29 12:00:02+00:00,523
1128,MLP_officiel,2021-12-27 19:08:11+00:00,4317
1129,MLP_officiel,2021-12-27 19:08:11+00:00,3594
1130,MLP_officiel,2021-12-27 19:08:11+00:00,2849
1131,MLP_officiel,2021-12-27 19:08:10+00:00,8126
1132,MLP_officiel,2021-12-25 16:34:42+00:00,918
1133,MLP_officiel,2021-12-24 11:00:38+00:00,4189
1134,MLP_officiel,2021-12-23 18:00:41+00:00,564
1135,MLP_officiel,2021-12-23 11:09:32+00:00,1438
1136,MLP_officiel,2021-12-23 08:50:54+00:00,627
1137,MLP_officiel,2021-12-23 06:49:02+00:00,1515
1138,MLP_officiel,2021-12-22 17:03:33+00:00,850
1139,MLP_officiel,2021-12-22 15:52:16+00:00,836
1140,MLP_officiel,2021-12-21 16:51:34+00:00,1341
1141,MLP_officiel,2021-12-21 16:00:02+00:00,794
1142,MLP_officiel,2021-12-21 12:49:59+00:00,504
1143,MLP_officiel,2021-12-21 11:56:25+00:00,500
1144,MLP_officiel,2021-12-21 11:43:28+00:00,339
1145,MLP_officiel,2021-12-21 11:33:27+00:00,486
1146,MLP_officiel,2021-12-21 10:51:33+00:00,604
1147,MLP_officiel,2021-12-21 09:04:45+00:00,1537
1148,MLP_officiel,2021-12-21 08:38:46+00:00,333
1149,MLP_officiel,2021-12-21 07:47:51+00:00,328
1150,MLP_officiel,2021-12-21 07:42:28+00:00,1580
1151,MLP_officiel,2021-12-21 07:05:22+00:00,297
1152,MLP_officiel,2021-12-21 07:00:08+00:00,253
1153,MLP_officiel,2021-12-21 06:35:09+00:00,533
1154,MLP_officiel,2021-12-21 06:28:10+00:00,476
1155,MLP_officiel,2021-12-21 06:04:10+00:00,462
1156,MLP_officiel,2021-12-21 04:41:35+00:00,364
1157,MLP_officiel,2021-12-21 04:33:06+00:00,243
1158,MLP_officiel,2021-12-21 04:27:52+00:00,295
1159,MLP_officiel,2021-12-21 04:22:59+00:00,204
1160,MLP_officiel,2021-12-21 04:16:16+00:00,311
1161,MLP_officiel,2021-12-21 04:09:37+00:00,181
1162,MLP_officiel,2021-12-21 03:59:15+00:00,207
1163,MLP_officiel,2021-12-21 03:51:54+00:00,393
1164,MLP_officiel,2021-12-21 03:44:56+00:00,1132
1165,MLP_officiel,2021-12-21 03:39:14+00:00,3125
1166,MLP_officiel,2021-12-21 03:07:45+00:00,202
1167,MLP_officiel,2021-12-20 18:32:55+00:00,335
1168,MLP_officiel,2021-12-20 18:23:40+00:00,437
1169,MLP_officiel,2021-12-20 18:22:04+00:00,236
1170,MLP_officiel,2021-12-20 18:19:36+00:00,327
1171,MLP_officiel,2021-12-20 16:26:47+00:00,208
1172,MLP_officiel,2021-12-20 16:00:01+00:00,298
1173,MLP_officiel,2021-12-20 15:29:28+00:00,630
1174,MLP_officiel,2021-12-20 15:28:24+00:00,319
1175,MLP_officiel,2021-12-20 14:52:29+00:00,802
1176,MLP_officiel,2021-12-20 11:40:00+00:00,988
1177,MLP_officiel,2021-12-20 10:25:48+00:00,526
1178,MLP_officiel,2021-12-20 10:19:04+00:00,234
1179,MLP_officiel,2021-12-20 10:14:16+00:00,361
1180,MLP_officiel,2021-12-20 10:12:00+00:00,438
1181,MLP_officiel,2021-12-20 10:09:37+00:00,211
1182,MLP_officiel,2021-12-20 10:04:22+00:00,368
1183,MLP_officiel,2021-12-20 10:00:00+00:00,557
1184,MLP_officiel,2021-12-20 09:00:02+00:00,349
1185,MLP_officiel,2021-12-20 08:15:00+00:00,531
1186,MLP_officiel,2021-12-20 07:58:58+00:00,765
1187,MLP_officiel,2021-12-20 05:30:53+00:00,585
1188,MLP_officiel,2021-12-19 19:01:33+00:00,168
1189,MLP_officiel,2021-12-19 19:01:32+00:00,359
1190,MLP_officiel,2021-12-19 18:32:46+00:00,966
1191,MLP_officiel,2021-12-19 18:23:46+00:00,335
1192,MLP_officiel,2021-12-19 18:21:45+00:00,246
1193,MLP_officiel,2021-12-19 18:19:49+00:00,306
1194,MLP_officiel,2021-12-19 17:27:11+00:00,299
1195,MLP_officiel,2021-12-19 16:20:07+00:00,1252
1196,MLP_officiel,2021-12-19 09:50:30+00:00,3519
1197,MLP_officiel,2021-12-19 05:43:53+00:00,1571
1198,MLP_officiel,2021-12-18 17:12:54+00:00,1128
1199,MLP_officiel,2021-12-18 16:30:00+00:00,462
1200,MLP_officiel,2021-12-18 14:58:35+00:00,383
1201,MLP_officiel,2021-12-18 14:57:10+00:00,288
1202,MLP_officiel,2021-12-18 14:52:30+00:00,703
1203,MLP_officiel,2021-12-18 14:50:06+00:00,358
1204,MLP_officiel,2021-12-18 14:48:21+00:00,393
1205,MLP_officiel,2021-12-18 14:47:06+00:00,309
1206,MLP_officiel,2021-12-18 14:46:09+00:00,329
1207,MLP_officiel,2021-12-18 14:43:06+00:00,266
1208,MLP_officiel,2021-12-18 14:41:33+00:00,403
1209,MLP_officiel,2021-12-18 14:40:28+00:00,486
1210,MLP_officiel,2021-12-18 14:39:18+00:00,316
1211,MLP_officiel,2021-12-18 10:59:39+00:00,793
1212,MLP_officiel,2021-12-18 08:30:00+00:00,547
1213,MLP_officiel,2021-12-18 07:57:10+00:00,4466
1214,MLP_officiel,2021-12-17 19:40:04+00:00,3317
1215,MLP_officiel,2021-12-17 18:00:00+00:00,1191
1216,MLP_officiel,2021-12-17 16:30:00+00:00,397
1217,MLP_officiel,2021-12-17 14:15:00+00:00,406
1218,MLP_officiel,2021-12-17 13:30:00+00:00,577
1219,MLP_officiel,2021-12-17 12:30:01+00:00,643
1220,MLP_officiel,2021-12-17 11:21:07+00:00,448
1221,MLP_officiel,2021-12-17 11:13:09+00:00,497
1222,MLP_officiel,2021-12-17 10:55:26+00:00,357
1223,MLP_officiel,2021-12-17 10:47:06+00:00,805
1224,MLP_officiel,2021-12-17 10:43:38+00:00,345
1225,MLP_officiel,2021-12-17 09:30:00+00:00,474
1226,MLP_officiel,2021-12-17 07:40:06+00:00,687
1227,MLP_officiel,2021-12-16 21:26:29+00:00,449
1228,MLP_officiel,2021-12-16 19:17:56+00:00,557
1229,MLP_officiel,2021-12-16 18:37:50+00:00,256
1230,MLP_officiel,2021-12-16 17:54:04+00:00,325
1231,MLP_officiel,2021-12-16 17:45:40+00:00,704
1232,MLP_officiel,2021-12-16 17:37:03+00:00,495
1233,MLP_officiel,2021-12-16 17:00:01+00:00,1866
1234,MLP_officiel,2021-12-16 15:00:00+00:00,429
1235,MLP_officiel,2021-12-16 14:00:36+00:00,835
1236,MLP_officiel,2021-12-16 12:10:18+00:00,807
1237,MLP_officiel,2021-12-16 09:26:25+00:00,1386
1238,MLP_officiel,2021-12-16 08:34:51+00:00,909
1239,MLP_officiel,2021-12-16 08:27:51+00:00,273
1240,MLP_officiel,2021-12-16 06:24:36+00:00,1396
1241,MLP_officiel,2021-12-15 19:15:43+00:00,1349
1242,MLP_officiel,2021-12-15 12:58:34+00:00,2170
1243,MLP_officiel,2021-12-14 18:59:27+00:00,1115
1244,MLP_officiel,2021-12-14 18:56:00+00:00,1475
1245,MLP_officiel,2021-12-14 18:50:18+00:00,738
1246,MLP_officiel,2021-12-14 18:47:18+00:00,466
1247,MLP_officiel,2021-12-14 17:40:46+00:00,392
1248,MLP_officiel,2021-12-14 17:09:58+00:00,718
1249,MLP_officiel,2021-12-14 16:32:11+00:00,188
1250,MLP_officiel,2021-12-14 15:57:04+00:00,537
1251,MLP_officiel,2021-12-14 09:58:46+00:00,397
1252,MLP_officiel,2021-12-14 08:45:13+00:00,1614
1253,MLP_officiel,2021-12-13 20:10:00+00:00,3235
1254,MLP_officiel,2021-12-13 15:04:28+00:00,386
1255,MLP_officiel,2021-12-13 11:12:16+00:00,1678
1256,MLP_officiel,2021-12-13 10:36:51+00:00,661
1257,MLP_officiel,2021-12-13 09:55:43+00:00,1328
1258,MLP_officiel,2021-12-13 09:44:55+00:00,566
1259,MLP_officiel,2021-12-13 09:40:54+00:00,920
1260,MLP_officiel,2021-12-13 09:29:38+00:00,665
1261,MLP_officiel,2021-12-13 06:47:18+00:00,999
1262,MLP_officiel,2021-12-12 16:45:07+00:00,533
1263,MLP_officiel,2021-12-12 15:12:29+00:00,1447
1264,MLP_officiel,2021-12-12 10:29:15+00:00,886
1265,MLP_officiel,2021-12-12 10:15:24+00:00,3983
1266,MLP_officiel,2021-12-12 07:59:54+00:00,1808
1267,MLP_officiel,2021-12-11 19:43:23+00:00,881
1268,MLP_officiel,2021-12-11 17:17:17+00:00,964
1269,MLP_officiel,2021-12-11 13:54:12+00:00,1014
1270,MLP_officiel,2021-12-11 11:44:45+00:00,579
1271,MLP_officiel,2021-12-10 19:47:42+00:00,922
1272,MLP_officiel,2021-12-10 17:06:33+00:00,2035
1273,MLP_officiel,2021-12-10 14:59:50+00:00,833
1274,MLP_officiel,2021-12-10 13:24:11+00:00,501
1275,MLP_officiel,2021-12-10 12:49:38+00:00,792
1276,MLP_officiel,2021-12-09 18:19:33+00:00,543
1277,MLP_officiel,2021-12-09 18:19:32+00:00,1291
1278,MLP_officiel,2021-12-09 17:48:55+00:00,465
1279,MLP_officiel,2021-12-09 17:29:01+00:00,540
1280,MLP_officiel,2021-12-09 17:23:23+00:00,529
1281,MLP_officiel,2021-12-09 15:20:22+00:00,1596
1282,MLP_officiel,2021-12-09 11:46:46+00:00,1563
1283,MLP_officiel,2021-12-09 11:23:18+00:00,621
1284,MLP_officiel,2021-12-08 20:05:05+00:00,632
1285,MLP_officiel,2021-12-08 15:30:46+00:00,757
1286,MLP_officiel,2021-12-08 14:38:42+00:00,612
1287,MLP_officiel,2021-12-08 14:04:00+00:00,966
1288,MLP_officiel,2021-12-08 13:31:55+00:00,683
1289,MLP_officiel,2021-12-08 13:09:11+00:00,434
1290,MLP_officiel,2021-12-07 18:08:59+00:00,793
1291,MLP_officiel,2021-12-07 17:10:59+00:00,499
1292,MLP_officiel,2021-12-07 16:47:50+00:00,1370
1293,MLP_officiel,2021-12-07 16:42:39+00:00,660
1294,MLP_officiel,2021-12-07 10:16:58+00:00,597
1295,MLP_officiel,2021-12-07 10:13:40+00:00,975
1296,MLP_officiel,2021-12-07 09:15:34+00:00,825
1297,MLP_officiel,2021-12-07 09:13:40+00:00,442
1298,MLP_officiel,2021-12-07 08:51:08+00:00,627
1299,MLP_officiel,2021-12-07 08:39:47+00:00,1468
1300,MLP_officiel,2021-12-07 08:37:43+00:00,1947
1301,MLP_officiel,2021-12-07 08:20:21+00:00,726
1302,MLP_officiel,2021-12-06 19:33:23+00:00,1155
1303,MLP_officiel,2021-12-06 19:33:23+00:00,4145
1304,MLP_officiel,2021-12-06 15:19:38+00:00,828
1305,MLP_officiel,2021-12-06 13:57:31+00:00,959
1306,MLP_officiel,2021-12-06 11:15:09+00:00,551
1307,MLP_officiel,2021-12-05 18:44:41+00:00,1608
1308,MLP_officiel,2021-12-05 17:11:03+00:00,852
1309,MLP_officiel,2021-12-05 16:03:47+00:00,1024
1310,MLP_officiel,2021-12-05 15:05:27+00:00,436
1311,MLP_officiel,2021-12-05 15:05:27+00:00,976
1312,MLP_officiel,2021-12-04 22:21:46+00:00,1293
1313,MLP_officiel,2021-12-04 19:29:03+00:00,1598
1314,MLP_officiel,2021-12-04 17:00:17+00:00,896
1315,MLP_officiel,2021-12-04 16:11:25+00:00,1749
1316,MLP_officiel,2021-12-04 15:49:39+00:00,1831
1317,MLP_officiel,2021-12-04 10:06:42+00:00,1210
1318,MLP_officiel,2021-12-04 08:23:51+00:00,2846
1319,MLP_officiel,2021-12-03 20:15:00+00:00,2802
1320,MLP_officiel,2021-12-03 17:17:57+00:00,1481
1321,MLP_officiel,2021-12-03 16:49:50+00:00,8343
1322,MLP_officiel,2021-12-03 16:23:18+00:00,2674
1323,MLP_officiel,2021-12-03 15:58:27+00:00,1422
1324,MLP_officiel,2021-12-03 14:59:03+00:00,977
1325,MLP_officiel,2021-12-03 14:46:38+00:00,592
1326,MLP_officiel,2021-12-03 14:46:37+00:00,1142
1327,MLP_officiel,2021-12-03 14:08:41+00:00,543
1328,MLP_officiel,2021-12-03 13:23:02+00:00,460
1329,MLP_officiel,2021-12-03 11:50:03+00:00,860
1330,MLP_officiel,2021-12-02 17:50:25+00:00,1413
1331,MLP_officiel,2021-12-02 17:46:47+00:00,1408
1332,MLP_officiel,2021-12-02 16:27:45+00:00,1073
1333,MLP_officiel,2021-12-02 13:32:33+00:00,435
1334,MLP_officiel,2021-12-02 13:04:00+00:00,461
1335,MLP_officiel,2021-12-02 12:25:06+00:00,740
1336,MLP_officiel,2021-12-01 22:12:10+00:00,2225
1337,MLP_officiel,2021-12-01 21:46:39+00:00,606
1338,MLP_officiel,2021-12-01 21:30:09+00:00,568
1339,MLP_officiel,2021-12-01 21:22:31+00:00,801
1340,MLP_officiel,2021-12-01 20:34:50+00:00,943
1341,MLP_officiel,2021-12-01 20:09:16+00:00,1311
1342,MLP_officiel,2021-12-01 19:54:37+00:00,832
1343,MLP_officiel,2021-12-01 18:02:57+00:00,601
1344,MLP_officiel,2021-12-01 12:00:51+00:00,535
1345,UPR_Asselineau,2021-12-29 19:08:10+00:00,418
1346,UPR_Asselineau,2021-12-29 18:53:59+00:00,406
1347,UPR_Asselineau,2021-12-29 18:36:45+00:00,217
1348,UPR_Asselineau,2021-12-29 18:30:40+00:00,536
1349,UPR_Asselineau,2021-12-29 16:52:53+00:00,499
1350,UPR_Asselineau,2021-12-29 16:21:48+00:00,1500
1351,UPR_Asselineau,2021-12-29 16:12:07+00:00,355
1352,UPR_Asselineau,2021-12-29 14:44:34+00:00,394
1353,UPR_Asselineau,2021-12-29 09:23:15+00:00,1829
1354,UPR_Asselineau,2021-12-28 20:03:41+00:00,1216
1355,UPR_Asselineau,2021-12-28 19:57:16+00:00,3210
1356,UPR_Asselineau,2021-12-28 19:40:39+00:00,728
1357,UPR_Asselineau,2021-12-28 18:56:46+00:00,240
1358,UPR_Asselineau,2021-12-28 18:29:36+00:00,223
1359,UPR_Asselineau,2021-12-28 18:25:03+00:00,185
1360,UPR_Asselineau,2021-12-28 18:12:50+00:00,494
1361,UPR_Asselineau,2021-12-28 17:42:12+00:00,269
1362,UPR_Asselineau,2021-12-28 16:57:24+00:00,653
1363,UPR_Asselineau,2021-12-28 16:49:37+00:00,410
1364,UPR_Asselineau,2021-12-28 16:38:48+00:00,3300
1365,UPR_Asselineau,2021-12-28 16:18:12+00:00,224
1366,UPR_Asselineau,2021-12-28 12:51:54+00:00,521
1367,UPR_Asselineau,2021-12-28 12:46:12+00:00,420
1368,UPR_Asselineau,2021-12-28 12:42:31+00:00,1502
1369,UPR_Asselineau,2021-12-28 11:45:21+00:00,192
1370,UPR_Asselineau,2021-12-28 11:20:26+00:00,374
1371,UPR_Asselineau,2021-12-27 22:18:56+00:00,340
1372,UPR_Asselineau,2021-12-27 21:07:25+00:00,1528
1373,UPR_Asselineau,2021-12-27 20:47:52+00:00,990
1374,UPR_Asselineau,2021-12-27 17:51:58+00:00,358
1375,UPR_Asselineau,2021-12-27 17:35:46+00:00,1398
1376,UPR_Asselineau,2021-12-27 16:18:42+00:00,320
1377,UPR_Asselineau,2021-12-27 13:57:56+00:00,522
1378,UPR_Asselineau,2021-12-27 13:46:29+00:00,911
1379,UPR_Asselineau,2021-12-27 12:07:39+00:00,435
1380,UPR_Asselineau,2021-12-27 12:01:24+00:00,763
1381,UPR_Asselineau,2021-12-27 10:19:36+00:00,2039
1382,UPR_Asselineau,2021-12-27 10:01:46+00:00,447
1383,UPR_Asselineau,2021-12-26 17:24:23+00:00,1714
1384,UPR_Asselineau,2021-12-26 17:06:42+00:00,425
1385,UPR_Asselineau,2021-12-26 17:00:34+00:00,474
1386,UPR_Asselineau,2021-12-26 12:31:49+00:00,778
1387,UPR_Asselineau,2021-12-26 12:16:13+00:00,655
1388,UPR_Asselineau,2021-12-26 12:04:44+00:00,1009
1389,UPR_Asselineau,2021-12-26 11:49:38+00:00,330
1390,UPR_Asselineau,2021-12-26 11:49:20+00:00,584
1391,UPR_Asselineau,2021-12-26 00:28:47+00:00,1152
1392,UPR_Asselineau,2021-12-26 00:16:28+00:00,1295
1393,UPR_Asselineau,2021-12-25 23:56:19+00:00,311
1394,UPR_Asselineau,2021-12-25 23:42:53+00:00,457
1395,UPR_Asselineau,2021-12-25 23:33:36+00:00,628
1396,UPR_Asselineau,2021-12-25 20:22:15+00:00,578
1397,UPR_Asselineau,2021-12-25 20:11:10+00:00,701
1398,UPR_Asselineau,2021-12-25 20:04:00+00:00,2119
1399,UPR_Asselineau,2021-12-25 19:33:27+00:00,16
1400,UPR_Asselineau,2021-12-25 19:20:09+00:00,614
1401,UPR_Asselineau,2021-12-25 14:37:29+00:00,285
1402,UPR_Asselineau,2021-12-25 14:32:42+00:00,382
1403,UPR_Asselineau,2021-12-25 13:42:13+00:00,1477
1404,UPR_Asselineau,2021-12-24 19:07:13+00:00,113
1405,UPR_Asselineau,2021-12-24 19:06:44+00:00,115
1406,UPR_Asselineau,2021-12-24 19:06:32+00:00,71
1407,UPR_Asselineau,2021-12-24 19:06:22+00:00,71
1408,UPR_Asselineau,2021-12-24 19:06:10+00:00,70
1409,UPR_Asselineau,2021-12-24 19:05:46+00:00,59
1410,UPR_Asselineau,2021-12-24 19:05:39+00:00,80
1411,UPR_Asselineau,2021-12-24 19:05:27+00:00,64
1412,UPR_Asselineau,2021-12-24 19:05:18+00:00,82
1413,UPR_Asselineau,2021-12-24 19:04:05+00:00,804
1414,UPR_Asselineau,2021-12-24 11:13:22+00:00,464
1415,UPR_Asselineau,2021-12-24 11:06:11+00:00,917
1416,UPR_Asselineau,2021-12-24 10:28:47+00:00,420
1417,UPR_Asselineau,2021-12-24 09:00:04+00:00,618
1418,UPR_Asselineau,2021-12-24 08:54:58+00:00,1748
1419,UPR_Asselineau,2021-12-24 08:25:23+00:00,1003
1420,UPR_Asselineau,2021-12-24 08:03:16+00:00,1085
1421,UPR_Asselineau,2021-12-23 22:44:15+00:00,244
1422,UPR_Asselineau,2021-12-23 21:56:42+00:00,743
1423,UPR_Asselineau,2021-12-23 21:50:38+00:00,1000
1424,UPR_Asselineau,2021-12-23 15:23:26+00:00,331
1425,UPR_Asselineau,2021-12-23 15:12:05+00:00,1220
1426,UPR_Asselineau,2021-12-23 14:46:48+00:00,220
1427,UPR_Asselineau,2021-12-23 14:42:10+00:00,323
1428,UPR_Asselineau,2021-12-23 10:12:54+00:00,456
1429,UPR_Asselineau,2021-12-23 10:09:36+00:00,295
1430,UPR_Asselineau,2021-12-22 20:52:13+00:00,313
1431,UPR_Asselineau,2021-12-22 20:44:04+00:00,307
1432,UPR_Asselineau,2021-12-22 20:35:09+00:00,168
1433,UPR_Asselineau,2021-12-22 20:30:08+00:00,773
1434,UPR_Asselineau,2021-12-22 17:37:46+00:00,265
1435,UPR_Asselineau,2021-12-22 15:59:41+00:00,396
1436,UPR_Asselineau,2021-12-22 15:48:46+00:00,778
1437,UPR_Asselineau,2021-12-22 15:39:20+00:00,1646
1438,UPR_Asselineau,2021-12-22 13:27:33+00:00,466
1439,UPR_Asselineau,2021-12-22 12:31:55+00:00,316
1440,UPR_Asselineau,2021-12-22 07:38:54+00:00,2000
1441,UPR_Asselineau,2021-12-21 23:00:23+00:00,4725
1442,UPR_Asselineau,2021-12-21 22:04:01+00:00,348
1443,UPR_Asselineau,2021-12-21 18:56:19+00:00,358
1444,UPR_Asselineau,2021-12-21 18:47:34+00:00,555
1445,UPR_Asselineau,2021-12-21 18:42:41+00:00,766
1446,UPR_Asselineau,2021-12-21 16:43:40+00:00,584
1447,UPR_Asselineau,2021-12-21 16:09:19+00:00,315
1448,UPR_Asselineau,2021-12-21 11:49:33+00:00,1772
1449,UPR_Asselineau,2021-12-21 11:40:34+00:00,893
1450,UPR_Asselineau,2021-12-20 18:59:31+00:00,4727
1451,UPR_Asselineau,2021-12-20 16:19:34+00:00,482
1452,UPR_Asselineau,2021-12-20 15:04:56+00:00,1992
1453,UPR_Asselineau,2021-12-20 14:59:26+00:00,545
1454,UPR_Asselineau,2021-12-20 14:51:00+00:00,1691
1455,UPR_Asselineau,2021-12-20 11:15:30+00:00,338
1456,UPR_Asselineau,2021-12-19 21:38:02+00:00,375
1457,UPR_Asselineau,2021-12-19 15:24:28+00:00,206
1458,UPR_Asselineau,2021-12-19 15:23:11+00:00,275
1459,UPR_Asselineau,2021-12-19 15:22:34+00:00,195
1460,UPR_Asselineau,2021-12-19 15:22:19+00:00,239
1461,UPR_Asselineau,2021-12-19 15:22:01+00:00,223
1462,UPR_Asselineau,2021-12-19 15:21:45+00:00,220
1463,UPR_Asselineau,2021-12-19 15:21:35+00:00,162
1464,UPR_Asselineau,2021-12-19 15:21:28+00:00,149
1465,UPR_Asselineau,2021-12-19 15:21:17+00:00,193
1466,UPR_Asselineau,2021-12-19 15:21:08+00:00,186
1467,UPR_Asselineau,2021-12-19 15:19:49+00:00,1137
1468,UPR_Asselineau,2021-12-19 12:25:03+00:00,769
1469,UPR_Asselineau,2021-12-19 12:19:47+00:00,844
1470,UPR_Asselineau,2021-12-19 12:14:28+00:00,3075
1471,UPR_Asselineau,2021-12-18 17:17:08+00:00,911
1472,UPR_Asselineau,2021-12-18 15:22:48+00:00,448
1473,UPR_Asselineau,2021-12-18 15:14:29+00:00,271
1474,UPR_Asselineau,2021-12-18 14:59:59+00:00,252
1475,UPR_Asselineau,2021-12-18 14:39:58+00:00,1481
1476,UPR_Asselineau,2021-12-18 13:42:57+00:00,139
1477,UPR_Asselineau,2021-12-18 13:34:44+00:00,313
1478,UPR_Asselineau,2021-12-18 13:03:25+00:00,89
1479,UPR_Asselineau,2021-12-18 12:55:10+00:00,380
1480,UPR_Asselineau,2021-12-17 22:27:09+00:00,2975
1481,UPR_Asselineau,2021-12-17 21:10:13+00:00,916
1482,UPR_Asselineau,2021-12-17 17:47:42+00:00,290
1483,UPR_Asselineau,2021-12-17 17:19:00+00:00,657
1484,UPR_Asselineau,2021-12-17 15:11:26+00:00,298
1485,UPR_Asselineau,2021-12-17 14:39:10+00:00,553
1486,UPR_Asselineau,2021-12-17 14:27:48+00:00,273
1487,UPR_Asselineau,2021-12-17 13:55:25+00:00,407
1488,UPR_Asselineau,2021-12-17 12:39:58+00:00,406
1489,UPR_Asselineau,2021-12-17 12:34:50+00:00,749
1490,UPR_Asselineau,2021-12-17 12:02:07+00:00,208
1491,UPR_Asselineau,2021-12-17 11:47:24+00:00,282
1492,UPR_Asselineau,2021-12-17 11:41:15+00:00,182
1493,UPR_Asselineau,2021-12-17 11:30:25+00:00,450
1494,UPR_Asselineau,2021-12-16 10:41:55+00:00,532
1495,UPR_Asselineau,2021-12-16 10:33:29+00:00,861
1496,UPR_Asselineau,2021-12-16 10:16:39+00:00,403
1497,UPR_Asselineau,2021-12-15 23:29:04+00:00,697
1498,UPR_Asselineau,2021-12-15 19:57:32+00:00,264
1499,UPR_Asselineau,2021-12-15 19:44:21+00:00,233
1500,UPR_Asselineau,2021-12-15 19:43:31+00:00,915
1501,UPR_Asselineau,2021-12-15 16:00:15+00:00,507
1502,UPR_Asselineau,2021-12-15 15:30:49+00:00,244
1503,UPR_Asselineau,2021-12-15 14:48:42+00:00,228
1504,UPR_Asselineau,2021-12-15 14:38:39+00:00,157
1505,UPR_Asselineau,2021-12-15 14:18:48+00:00,174
1506,UPR_Asselineau,2021-12-15 14:09:57+00:00,180
1507,UPR_Asselineau,2021-12-15 13:59:28+00:00,223
1508,UPR_Asselineau,2021-12-15 13:53:23+00:00,452
1509,UPR_Asselineau,2021-12-15 13:48:24+00:00,648
1510,UPR_Asselineau,2021-12-15 12:00:25+00:00,148
1511,UPR_Asselineau,2021-12-15 11:51:32+00:00,494
1512,UPR_Asselineau,2021-12-15 08:09:47+00:00,480
1513,UPR_Asselineau,2021-12-14 13:00:15+00:00,475
1514,UPR_Asselineau,2021-12-14 11:49:29+00:00,248
1515,UPR_Asselineau,2021-12-14 11:41:49+00:00,599
1516,UPR_Asselineau,2021-12-14 11:09:29+00:00,297
1517,UPR_Asselineau,2021-12-14 11:01:24+00:00,387
1518,UPR_Asselineau,2021-12-14 10:48:34+00:00,523
1519,UPR_Asselineau,2021-12-14 10:38:00+00:00,865
1520,UPR_Asselineau,2021-12-13 16:16:06+00:00,317
1521,UPR_Asselineau,2021-12-13 14:36:41+00:00,394
1522,UPR_Asselineau,2021-12-13 14:23:50+00:00,520
1523,UPR_Asselineau,2021-12-13 10:42:40+00:00,665
1524,UPR_Asselineau,2021-12-12 18:21:30+00:00,379
1525,UPR_Asselineau,2021-12-12 14:48:44+00:00,660
1526,UPR_Asselineau,2021-12-12 13:24:48+00:00,611
1527,UPR_Asselineau,2021-12-12 12:41:21+00:00,220
1528,UPR_Asselineau,2021-12-12 11:15:24+00:00,653
1529,UPR_Asselineau,2021-12-12 10:09:14+00:00,364
1530,UPR_Asselineau,2021-12-11 22:33:19+00:00,167
1531,UPR_Asselineau,2021-12-11 22:19:49+00:00,187
1532,UPR_Asselineau,2021-12-11 22:16:12+00:00,118
1533,UPR_Asselineau,2021-12-11 22:10:35+00:00,137
1534,UPR_Asselineau,2021-12-11 22:00:18+00:00,153
1535,UPR_Asselineau,2021-12-11 21:47:05+00:00,465
1536,UPR_Asselineau,2021-12-11 07:32:10+00:00,347
1537,UPR_Asselineau,2021-12-11 07:27:14+00:00,282
1538,UPR_Asselineau,2021-12-11 07:14:18+00:00,150
1539,UPR_Asselineau,2021-12-11 07:01:01+00:00,135
1540,UPR_Asselineau,2021-12-11 06:47:52+00:00,142
1541,UPR_Asselineau,2021-12-11 06:35:22+00:00,1606
1542,UPR_Asselineau,2021-12-10 18:05:04+00:00,383
1543,UPR_Asselineau,2021-12-10 14:57:33+00:00,416
1544,UPR_Asselineau,2021-12-10 14:46:06+00:00,883
1545,UPR_Asselineau,2021-12-10 03:05:39+00:00,472
1546,UPR_Asselineau,2021-12-10 02:52:06+00:00,407
1547,UPR_Asselineau,2021-12-10 02:44:52+00:00,137
1548,UPR_Asselineau,2021-12-10 02:36:28+00:00,894
1549,UPR_Asselineau,2021-12-09 21:32:57+00:00,224
1550,UPR_Asselineau,2021-12-09 21:21:54+00:00,515
1551,UPR_Asselineau,2021-12-09 16:24:32+00:00,276
1552,UPR_Asselineau,2021-12-09 16:14:35+00:00,251
1553,UPR_Asselineau,2021-12-09 15:25:15+00:00,174
1554,UPR_Asselineau,2021-12-09 14:44:52+00:00,420
1555,UPR_Asselineau,2021-12-09 14:21:12+00:00,731
1556,UPR_Asselineau,2021-12-09 13:43:38+00:00,706
1557,UPR_Asselineau,2021-12-09 10:40:19+00:00,145
1558,UPR_Asselineau,2021-12-09 10:35:52+00:00,189
1559,UPR_Asselineau,2021-12-09 10:27:53+00:00,92
1560,UPR_Asselineau,2021-12-09 10:15:35+00:00,93
1561,UPR_Asselineau,2021-12-09 10:10:48+00:00,71
1562,UPR_Asselineau,2021-12-09 10:03:29+00:00,71
1563,UPR_Asselineau,2021-12-08 23:10:54+00:00,597
1564,UPR_Asselineau,2021-12-08 22:17:40+00:00,230
1565,UPR_Asselineau,2021-12-08 22:08:13+00:00,823
1566,UPR_Asselineau,2021-12-08 16:26:39+00:00,241
1567,UPR_Asselineau,2021-12-08 14:47:58+00:00,257
1568,UPR_Asselineau,2021-12-08 14:21:55+00:00,669
1569,UPR_Asselineau,2021-12-08 13:19:22+00:00,618
1570,UPR_Asselineau,2021-12-08 13:15:40+00:00,1137
1571,UPR_Asselineau,2021-12-08 09:53:23+00:00,1031
1572,UPR_Asselineau,2021-12-08 08:43:23+00:00,1535
1573,UPR_Asselineau,2021-12-08 08:04:55+00:00,501
1574,UPR_Asselineau,2021-12-08 07:57:19+00:00,1773
1575,UPR_Asselineau,2021-12-07 09:44:09+00:00,581
1576,UPR_Asselineau,2021-12-06 21:04:47+00:00,1766
1577,UPR_Asselineau,2021-12-06 09:57:10+00:00,1221
1578,UPR_Asselineau,2021-12-05 23:28:39+00:00,2481
1579,UPR_Asselineau,2021-12-05 19:11:05+00:00,965
1580,UPR_Asselineau,2021-12-05 18:52:02+00:00,628
1581,UPR_Asselineau,2021-12-05 18:49:35+00:00,410
1582,UPR_Asselineau,2021-12-05 18:46:49+00:00,1586
1583,UPR_Asselineau,2021-12-04 19:24:04+00:00,497
1584,UPR_Asselineau,2021-12-04 00:09:07+00:00,513
1585,UPR_Asselineau,2021-12-03 18:46:35+00:00,453
1586,UPR_Asselineau,2021-12-03 18:39:26+00:00,603
1587,UPR_Asselineau,2021-12-03 18:30:50+00:00,504
1588,UPR_Asselineau,2021-12-03 18:19:04+00:00,1107
1589,UPR_Asselineau,2021-12-03 17:10:50+00:00,563
1590,UPR_Asselineau,2021-12-03 15:25:29+00:00,288
1591,UPR_Asselineau,2021-12-03 14:38:27+00:00,520
1592,UPR_Asselineau,2021-12-03 13:04:39+00:00,61
1593,UPR_Asselineau,2021-12-03 12:50:00+00:00,1424
1594,UPR_Asselineau,2021-12-03 11:26:02+00:00,218
1595,UPR_Asselineau,2021-12-03 11:19:57+00:00,296
1596,UPR_Asselineau,2021-12-03 11:16:18+00:00,212
1597,UPR_Asselineau,2021-12-03 11:11:31+00:00,182
1598,UPR_Asselineau,2021-12-03 10:57:57+00:00,110
1599,UPR_Asselineau,2021-12-03 10:39:20+00:00,136
1600,UPR_Asselineau,2021-12-03 10:32:06+00:00,153
1601,UPR_Asselineau,2021-12-03 10:25:50+00:00,142
1602,UPR_Asselineau,2021-12-03 10:20:05+00:00,609
1603,UPR_Asselineau,2021-12-02 13:34:38+00:00,271
1604,UPR_Asselineau,2021-12-02 00:45:14+00:00,461
1605,UPR_Asselineau,2021-12-02 00:36:58+00:00,1523
1606,UPR_Asselineau,2021-12-01 19:12:25+00:00,314
1607,ZemmourEric,2021-12-29 15:37:49+00:00,5202
1608,ZemmourEric,2021-12-29 14:53:31+00:00,7056
1609,ZemmourEric,2021-12-28 13:12:41+00:00,9300
1610,ZemmourEric,2021-12-27 21:06:50+00:00,12248
1611,ZemmourEric,2021-12-27 19:44:04+00:00,3827
1612,ZemmourEric,2021-12-27 18:41:32+00:00,2283
1613,ZemmourEric,2021-12-27 17:06:13+00:00,4540
1614,ZemmourEric,2021-12-27 10:59:43+00:00,5412
1615,ZemmourEric,2021-12-26 21:52:18+00:00,6173
1616,ZemmourEric,2021-12-26 21:16:00+00:00,603
1617,ZemmourEric,2021-12-26 21:14:47+00:00,545
1618,ZemmourEric,2021-12-26 21:14:33+00:00,514
1619,ZemmourEric,2021-12-26 18:46:07+00:00,4196
1620,ZemmourEric,2021-12-26 16:24:00+00:00,3430
1621,ZemmourEric,2021-12-26 15:56:55+00:00,6014
1622,ZemmourEric,2021-12-26 11:01:57+00:00,3939
1623,ZemmourEric,2021-12-25 18:03:31+00:00,4598
1624,ZemmourEric,2021-12-25 17:51:58+00:00,7070
1625,ZemmourEric,2021-12-25 11:42:27+00:00,3887
1626,ZemmourEric,2021-12-24 18:23:29+00:00,14462
1627,ZemmourEric,2021-12-24 16:40:04+00:00,6034
1628,ZemmourEric,2021-12-24 15:06:08+00:00,14792
1629,ZemmourEric,2021-12-24 12:03:55+00:00,6557
1630,ZemmourEric,2021-12-24 10:29:46+00:00,6437
1631,ZemmourEric,2021-12-24 08:30:47+00:00,11833
1632,ZemmourEric,2021-12-23 21:11:10+00:00,7716
1633,ZemmourEric,2021-12-23 18:48:58+00:00,6467
1634,ZemmourEric,2021-12-23 16:42:06+00:00,5598
1635,ZemmourEric,2021-12-23 16:13:03+00:00,8778
1636,ZemmourEric,2021-12-23 15:45:28+00:00,6542
1637,ZemmourEric,2021-12-23 11:35:18+00:00,7073
1638,ZemmourEric,2021-12-23 10:41:31+00:00,3770
1639,ZemmourEric,2021-12-22 23:27:32+00:00,6634
1640,ZemmourEric,2021-12-22 22:15:28+00:00,9042
1641,ZemmourEric,2021-12-22 20:13:00+00:00,6158
1642,ZemmourEric,2021-12-22 18:35:32+00:00,2955
1643,ZemmourEric,2021-12-22 18:20:11+00:00,3490
1644,ZemmourEric,2021-12-22 17:52:48+00:00,3207
1645,ZemmourEric,2021-12-22 17:37:19+00:00,5764
1646,ZemmourEric,2021-12-22 17:13:39+00:00,2228
1647,ZemmourEric,2021-12-22 17:12:32+00:00,2169
1648,ZemmourEric,2021-12-22 17:11:40+00:00,3251
1649,ZemmourEric,2021-12-22 14:12:06+00:00,4801
1650,ZemmourEric,2021-12-22 11:30:31+00:00,13273
1651,ZemmourEric,2021-12-22 11:19:23+00:00,5759
1652,ZemmourEric,2021-12-22 10:49:42+00:00,5743
1653,ZemmourEric,2021-12-21 20:46:13+00:00,4384
1654,ZemmourEric,2021-12-21 19:04:39+00:00,1228
1655,ZemmourEric,2021-12-21 17:09:42+00:00,8545
1656,ZemmourEric,2021-12-21 15:30:15+00:00,4991
1657,ZemmourEric,2021-12-21 12:39:22+00:00,6210
1658,ZemmourEric,2021-12-21 10:22:54+00:00,8029
1659,ZemmourEric,2021-12-20 16:38:33+00:00,8429
1660,ZemmourEric,2021-12-20 14:20:28+00:00,3544
1661,ZemmourEric,2021-12-20 10:33:38+00:00,15059
1662,ZemmourEric,2021-12-20 10:33:38+00:00,10954
1663,ZemmourEric,2021-12-20 10:33:37+00:00,14723
1664,ZemmourEric,2021-12-19 20:03:15+00:00,17757
1665,ZemmourEric,2021-12-19 16:29:36+00:00,1972
1666,ZemmourEric,2021-12-19 14:59:45+00:00,8616
1667,ZemmourEric,2021-12-19 13:40:40+00:00,5918
1668,ZemmourEric,2021-12-19 13:39:37+00:00,5070
1669,ZemmourEric,2021-12-18 21:49:21+00:00,5017
1670,ZemmourEric,2021-12-18 21:08:51+00:00,2767
1671,ZemmourEric,2021-12-18 20:55:00+00:00,11016
1672,ZemmourEric,2021-12-18 20:26:20+00:00,3424
1673,ZemmourEric,2021-12-18 20:04:47+00:00,11113
1674,ZemmourEric,2021-12-18 19:38:16+00:00,3932
1675,ZemmourEric,2021-12-18 19:10:39+00:00,5227
1676,ZemmourEric,2021-12-18 16:15:55+00:00,3291
1677,ZemmourEric,2021-12-18 15:20:48+00:00,4591
1678,ZemmourEric,2021-12-18 15:14:10+00:00,4941
1679,ZemmourEric,2021-12-18 13:47:44+00:00,3896
1680,ZemmourEric,2021-12-18 12:32:58+00:00,3524
1681,ZemmourEric,2021-12-18 12:22:59+00:00,3929
1682,ZemmourEric,2021-12-18 10:57:53+00:00,4445
1683,ZemmourEric,2021-12-18 10:35:22+00:00,14364
1684,ZemmourEric,2021-12-18 09:50:25+00:00,6390
1685,ZemmourEric,2021-12-18 09:35:20+00:00,5282
1686,ZemmourEric,2021-12-18 08:31:41+00:00,13455
1687,ZemmourEric,2021-12-17 21:33:15+00:00,10951
1688,ZemmourEric,2021-12-17 21:25:53+00:00,3726
1689,ZemmourEric,2021-12-17 15:00:25+00:00,2499
1690,ZemmourEric,2021-12-17 11:56:53+00:00,3447
1691,ZemmourEric,2021-12-17 11:45:43+00:00,605
1692,ZemmourEric,2021-12-17 11:40:55+00:00,1961
1693,ZemmourEric,2021-12-17 11:40:04+00:00,2262
1694,ZemmourEric,2021-12-17 11:38:15+00:00,1536
1695,ZemmourEric,2021-12-17 11:32:27+00:00,2300
1696,ZemmourEric,2021-12-17 10:46:11+00:00,1291
1697,ZemmourEric,2021-12-17 09:31:06+00:00,2079
1698,ZemmourEric,2021-12-17 08:03:04+00:00,5977
1699,ZemmourEric,2021-12-17 08:01:37+00:00,3587
1700,ZemmourEric,2021-12-17 07:58:50+00:00,3620
1701,ZemmourEric,2021-12-17 07:57:48+00:00,4843
1702,ZemmourEric,2021-12-17 07:56:55+00:00,3668
1703,ZemmourEric,2021-12-17 07:44:45+00:00,8528
1704,ZemmourEric,2021-12-17 00:15:06+00:00,13882
1705,ZemmourEric,2021-12-16 23:49:36+00:00,3790
1706,ZemmourEric,2021-12-16 23:49:18+00:00,5121
1707,ZemmourEric,2021-12-16 23:47:57+00:00,7187
1708,ZemmourEric,2021-12-16 23:31:44+00:00,2472
1709,ZemmourEric,2021-12-16 23:29:11+00:00,3026
1710,ZemmourEric,2021-12-16 23:28:45+00:00,2225
1711,ZemmourEric,2021-12-16 23:28:22+00:00,4618
1712,ZemmourEric,2021-12-16 23:20:20+00:00,4210
1713,ZemmourEric,2021-12-16 23:18:54+00:00,4940
1714,ZemmourEric,2021-12-16 23:18:19+00:00,2152
1715,ZemmourEric,2021-12-16 23:09:39+00:00,2149
1716,ZemmourEric,2021-12-16 22:52:18+00:00,9335
1717,ZemmourEric,2021-12-16 22:51:57+00:00,3186
1718,ZemmourEric,2021-12-16 22:48:43+00:00,2495
1719,ZemmourEric,2021-12-16 22:44:13+00:00,1943
1720,ZemmourEric,2021-12-16 22:43:51+00:00,2562
1721,ZemmourEric,2021-12-16 22:43:05+00:00,1945
1722,ZemmourEric,2021-12-16 22:37:59+00:00,3157
1723,ZemmourEric,2021-12-16 22:37:20+00:00,1889
1724,ZemmourEric,2021-12-16 22:35:46+00:00,2221
1725,ZemmourEric,2021-12-16 22:35:21+00:00,1839
1726,ZemmourEric,2021-12-16 22:34:54+00:00,1886
1727,ZemmourEric,2021-12-16 22:34:14+00:00,2794
1728,ZemmourEric,2021-12-16 22:33:47+00:00,3065
1729,ZemmourEric,2021-12-16 22:24:49+00:00,2529
1730,ZemmourEric,2021-12-16 22:23:20+00:00,2309
1731,ZemmourEric,2021-12-16 22:22:28+00:00,4486
1732,ZemmourEric,2021-12-16 22:01:35+00:00,5251
1733,ZemmourEric,2021-12-16 21:56:39+00:00,2271
1734,ZemmourEric,2021-12-16 21:55:32+00:00,1515
1735,ZemmourEric,2021-12-16 21:54:23+00:00,1896
1736,ZemmourEric,2021-12-16 21:53:14+00:00,3848
1737,ZemmourEric,2021-12-16 21:40:34+00:00,5300
1738,ZemmourEric,2021-12-16 21:40:10+00:00,2228
1739,ZemmourEric,2021-12-16 21:37:14+00:00,14422
1740,ZemmourEric,2021-12-16 21:36:35+00:00,2363
1741,ZemmourEric,2021-12-16 21:24:56+00:00,4797
1742,ZemmourEric,2021-12-16 21:23:26+00:00,3562
1743,ZemmourEric,2021-12-16 21:19:29+00:00,2423
1744,ZemmourEric,2021-12-16 21:19:04+00:00,276
1745,ZemmourEric,2021-12-16 21:18:24+00:00,2006
1746,ZemmourEric,2021-12-16 21:17:59+00:00,3104
1747,ZemmourEric,2021-12-16 21:04:00+00:00,2670
1748,ZemmourEric,2021-12-16 21:03:00+00:00,4265
1749,ZemmourEric,2021-12-16 21:00:41+00:00,10321
1750,ZemmourEric,2021-12-16 21:00:08+00:00,3084
1751,ZemmourEric,2021-12-16 20:59:50+00:00,2173
1752,ZemmourEric,2021-12-16 20:59:02+00:00,1336
1753,ZemmourEric,2021-12-16 20:57:56+00:00,3193
1754,ZemmourEric,2021-12-16 20:53:42+00:00,1230
1755,ZemmourEric,2021-12-16 20:52:56+00:00,3263
1756,ZemmourEric,2021-12-16 20:51:55+00:00,2280
1757,ZemmourEric,2021-12-16 20:49:01+00:00,4706
1758,ZemmourEric,2021-12-16 20:47:27+00:00,3335
1759,ZemmourEric,2021-12-16 20:41:31+00:00,2416
1760,ZemmourEric,2021-12-16 20:41:08+00:00,5463
1761,ZemmourEric,2021-12-16 20:40:45+00:00,1862
1762,ZemmourEric,2021-12-16 20:40:19+00:00,1645
1763,ZemmourEric,2021-12-16 20:39:46+00:00,2024
1764,ZemmourEric,2021-12-16 20:39:19+00:00,2292
1765,ZemmourEric,2021-12-16 20:00:07+00:00,5364
1766,ZemmourEric,2021-12-16 16:23:01+00:00,3932
1767,ZemmourEric,2021-12-16 13:28:56+00:00,4123
1768,ZemmourEric,2021-12-16 12:36:40+00:00,5156
1769,ZemmourEric,2021-12-16 11:47:33+00:00,2373
1770,ZemmourEric,2021-12-16 11:44:46+00:00,1760
1771,ZemmourEric,2021-12-16 11:43:43+00:00,3142
1772,ZemmourEric,2021-12-16 11:41:41+00:00,2441
1773,ZemmourEric,2021-12-16 11:36:37+00:00,2111
1774,ZemmourEric,2021-12-16 11:36:23+00:00,1640
1775,ZemmourEric,2021-12-16 11:31:40+00:00,2263
1776,ZemmourEric,2021-12-16 11:27:38+00:00,4177
1777,ZemmourEric,2021-12-16 11:26:04+00:00,2706
1778,ZemmourEric,2021-12-16 08:24:46+00:00,2456
1779,ZemmourEric,2021-12-16 00:12:22+00:00,11149
1780,ZemmourEric,2021-12-16 00:00:50+00:00,4999
1781,ZemmourEric,2021-12-15 23:55:56+00:00,3046
1782,ZemmourEric,2021-12-15 23:17:32+00:00,1425
1783,ZemmourEric,2021-12-15 23:09:43+00:00,2471
1784,ZemmourEric,2021-12-15 23:03:25+00:00,4479
1785,ZemmourEric,2021-12-15 23:01:24+00:00,2556
1786,ZemmourEric,2021-12-15 22:40:35+00:00,3739
1787,ZemmourEric,2021-12-15 17:10:02+00:00,5759
1788,ZemmourEric,2021-12-15 14:50:27+00:00,5491
1789,ZemmourEric,2021-12-15 12:35:18+00:00,3046
1790,ZemmourEric,2021-12-15 11:22:25+00:00,1737
1791,ZemmourEric,2021-12-15 08:27:51+00:00,4062
1792,ZemmourEric,2021-12-15 08:25:33+00:00,2338
1793,ZemmourEric,2021-12-15 08:24:03+00:00,2236
1794,ZemmourEric,2021-12-15 08:21:33+00:00,3458
1795,ZemmourEric,2021-12-15 07:59:59+00:00,3608
1796,ZemmourEric,2021-12-15 07:49:02+00:00,2436
1797,ZemmourEric,2021-12-15 07:44:46+00:00,7916
1798,ZemmourEric,2021-12-15 07:43:12+00:00,4257
1799,ZemmourEric,2021-12-15 07:12:52+00:00,3259
1800,ZemmourEric,2021-12-15 07:05:41+00:00,3243
1801,ZemmourEric,2021-12-15 07:02:18+00:00,2314
1802,ZemmourEric,2021-12-15 06:56:13+00:00,4839
1803,ZemmourEric,2021-12-15 06:55:02+00:00,10126
1804,ZemmourEric,2021-12-15 06:54:02+00:00,3821
1805,ZemmourEric,2021-12-15 06:47:01+00:00,7130
1806,ZemmourEric,2021-12-14 21:52:28+00:00,1324
1807,ZemmourEric,2021-12-14 21:48:49+00:00,5017
1808,ZemmourEric,2021-12-14 18:19:10+00:00,2836
1809,ZemmourEric,2021-12-14 11:26:38+00:00,7434
1810,ZemmourEric,2021-12-14 07:50:54+00:00,3752
1811,ZemmourEric,2021-12-13 18:15:37+00:00,5318
1812,ZemmourEric,2021-12-13 17:33:58+00:00,5282
1813,ZemmourEric,2021-12-13 15:28:37+00:00,2833
1814,ZemmourEric,2021-12-13 10:02:34+00:00,5106
1815,ZemmourEric,2021-12-12 19:19:44+00:00,5324
1816,ZemmourEric,2021-12-12 13:50:11+00:00,5955
1817,ZemmourEric,2021-12-12 13:09:59+00:00,6329
1818,ZemmourEric,2021-12-12 11:05:59+00:00,4734
1819,ZemmourEric,2021-12-12 10:05:13+00:00,9429
1820,ZemmourEric,2021-12-12 09:36:13+00:00,10557
1821,ZemmourEric,2021-12-12 09:34:47+00:00,4715
1822,ZemmourEric,2021-12-12 07:30:00+00:00,3252
1823,ZemmourEric,2021-12-11 15:10:40+00:00,11670
1824,ZemmourEric,2021-12-11 13:34:41+00:00,8617
1825,ZemmourEric,2021-12-11 10:57:51+00:00,4999
1826,ZemmourEric,2021-12-11 10:55:04+00:00,9859
1827,ZemmourEric,2021-12-11 10:05:36+00:00,7105
1828,ZemmourEric,2021-12-11 09:41:11+00:00,6873
1829,ZemmourEric,2021-12-10 19:31:55+00:00,4957
1830,ZemmourEric,2021-12-10 17:46:53+00:00,3572
1831,ZemmourEric,2021-12-10 17:30:24+00:00,1517
1832,ZemmourEric,2021-12-10 17:27:47+00:00,4934
1833,ZemmourEric,2021-12-10 16:49:32+00:00,5595
1834,ZemmourEric,2021-12-10 15:42:29+00:00,5321
1835,ZemmourEric,2021-12-10 15:40:34+00:00,2740
1836,ZemmourEric,2021-12-10 15:39:02+00:00,3010
1837,ZemmourEric,2021-12-10 15:37:52+00:00,3294
1838,ZemmourEric,2021-12-10 13:49:30+00:00,7348
1839,ZemmourEric,2021-12-10 12:46:53+00:00,7059
1840,ZemmourEric,2021-12-09 23:48:02+00:00,5574
1841,ZemmourEric,2021-12-09 23:43:18+00:00,1931
1842,ZemmourEric,2021-12-09 23:38:06+00:00,6335
1843,ZemmourEric,2021-12-09 23:07:44+00:00,4932
1844,ZemmourEric,2021-12-09 22:35:32+00:00,3128
1845,ZemmourEric,2021-12-09 22:34:26+00:00,7100
1846,ZemmourEric,2021-12-09 22:33:52+00:00,2294
1847,ZemmourEric,2021-12-09 22:33:18+00:00,2893
1848,ZemmourEric,2021-12-09 22:32:50+00:00,3044
1849,ZemmourEric,2021-12-09 22:32:15+00:00,3853
1850,ZemmourEric,2021-12-09 22:31:25+00:00,5243
1851,ZemmourEric,2021-12-09 22:31:07+00:00,2364
1852,ZemmourEric,2021-12-09 22:18:16+00:00,4786
1853,ZemmourEric,2021-12-09 22:17:51+00:00,4623
1854,ZemmourEric,2021-12-09 22:17:29+00:00,1970
1855,ZemmourEric,2021-12-09 22:16:19+00:00,2353
1856,ZemmourEric,2021-12-09 22:12:29+00:00,1834
1857,ZemmourEric,2021-12-09 22:11:14+00:00,3720
1858,ZemmourEric,2021-12-09 22:10:38+00:00,2312
1859,ZemmourEric,2021-12-09 22:09:47+00:00,3297
1860,ZemmourEric,2021-12-09 22:00:45+00:00,2006
1861,ZemmourEric,2021-12-09 21:59:47+00:00,1930
1862,ZemmourEric,2021-12-09 21:58:17+00:00,3468
1863,ZemmourEric,2021-12-09 21:57:52+00:00,2546
1864,ZemmourEric,2021-12-09 21:57:22+00:00,5136
1865,ZemmourEric,2021-12-09 21:51:41+00:00,7204
1866,ZemmourEric,2021-12-09 21:44:12+00:00,1831
1867,ZemmourEric,2021-12-09 21:42:46+00:00,6320
1868,ZemmourEric,2021-12-09 21:42:22+00:00,1579
1869,ZemmourEric,2021-12-09 21:35:17+00:00,1561
1870,ZemmourEric,2021-12-09 21:33:44+00:00,1478
1871,ZemmourEric,2021-12-09 21:31:01+00:00,2905
1872,ZemmourEric,2021-12-09 21:30:35+00:00,2033
1873,ZemmourEric,2021-12-09 21:30:10+00:00,3180
1874,ZemmourEric,2021-12-09 21:29:42+00:00,1849
1875,ZemmourEric,2021-12-09 21:20:56+00:00,3424
1876,ZemmourEric,2021-12-09 21:18:29+00:00,1302
1877,ZemmourEric,2021-12-09 21:18:29+00:00,1865
1878,ZemmourEric,2021-12-09 21:17:31+00:00,2414
1879,ZemmourEric,2021-12-09 21:14:56+00:00,1938
1880,ZemmourEric,2021-12-09 21:13:09+00:00,2043
1881,ZemmourEric,2021-12-09 21:12:23+00:00,1993
1882,ZemmourEric,2021-12-09 21:05:24+00:00,2641
1883,ZemmourEric,2021-12-09 21:01:58+00:00,1964
1884,ZemmourEric,2021-12-09 20:59:13+00:00,3157
1885,ZemmourEric,2021-12-09 20:58:46+00:00,2095
1886,ZemmourEric,2021-12-09 20:58:05+00:00,3238
1887,ZemmourEric,2021-12-09 20:57:35+00:00,1891
1888,ZemmourEric,2021-12-09 20:57:15+00:00,2431
1889,ZemmourEric,2021-12-09 20:46:48+00:00,7032
1890,ZemmourEric,2021-12-09 20:46:18+00:00,2693
1891,ZemmourEric,2021-12-09 20:43:57+00:00,1758
1892,ZemmourEric,2021-12-09 20:42:51+00:00,4306
1893,ZemmourEric,2021-12-09 20:41:57+00:00,1914
1894,ZemmourEric,2021-12-09 20:38:12+00:00,2613
1895,ZemmourEric,2021-12-09 20:35:27+00:00,1974
1896,ZemmourEric,2021-12-09 20:34:01+00:00,1664
1897,ZemmourEric,2021-12-09 20:33:07+00:00,1798
1898,ZemmourEric,2021-12-09 20:25:32+00:00,10719
1899,ZemmourEric,2021-12-09 20:23:39+00:00,3381
1900,ZemmourEric,2021-12-09 20:22:49+00:00,3121
1901,ZemmourEric,2021-12-09 17:43:14+00:00,3553
1902,ZemmourEric,2021-12-09 16:03:52+00:00,2466
1903,ZemmourEric,2021-12-09 12:02:14+00:00,10898
1904,ZemmourEric,2021-12-08 23:51:36+00:00,10589
1905,ZemmourEric,2021-12-08 18:33:59+00:00,10433
1906,ZemmourEric,2021-12-08 16:21:23+00:00,6769
1907,ZemmourEric,2021-12-08 13:27:24+00:00,3601
1908,ZemmourEric,2021-12-08 12:55:45+00:00,3583
1909,ZemmourEric,2021-12-08 12:23:05+00:00,4490
1910,ZemmourEric,2021-12-08 12:15:57+00:00,5899
1911,ZemmourEric,2021-12-08 08:34:11+00:00,1318
1912,ZemmourEric,2021-12-08 08:31:05+00:00,9429
1913,ZemmourEric,2021-12-08 08:11:58+00:00,2761
1914,ZemmourEric,2021-12-07 19:27:03+00:00,11242
1915,ZemmourEric,2021-12-07 16:45:12+00:00,2584
1916,ZemmourEric,2021-12-07 16:19:09+00:00,1024
1917,ZemmourEric,2021-12-07 16:15:58+00:00,4038
1918,ZemmourEric,2021-12-07 16:13:00+00:00,4601
1919,ZemmourEric,2021-12-07 14:25:51+00:00,2027
1920,ZemmourEric,2021-12-07 12:12:11+00:00,3296
1921,ZemmourEric,2021-12-07 08:57:49+00:00,2277
1922,ZemmourEric,2021-12-07 08:47:44+00:00,3998
1923,ZemmourEric,2021-12-07 08:31:06+00:00,2400
1924,ZemmourEric,2021-12-07 08:09:07+00:00,4882
1925,ZemmourEric,2021-12-07 08:04:23+00:00,3940
1926,ZemmourEric,2021-12-07 08:01:44+00:00,3822
1927,ZemmourEric,2021-12-07 08:00:26+00:00,7145
1928,ZemmourEric,2021-12-07 07:58:17+00:00,2882
1929,ZemmourEric,2021-12-07 07:56:09+00:00,4421
1930,ZemmourEric,2021-12-07 07:54:06+00:00,10565
1931,ZemmourEric,2021-12-06 22:51:50+00:00,3475
1932,ZemmourEric,2021-12-06 22:36:59+00:00,4950
1933,ZemmourEric,2021-12-06 19:55:18+00:00,2459
1934,ZemmourEric,2021-12-06 18:41:52+00:00,5021
1935,ZemmourEric,2021-12-06 17:29:16+00:00,3028
1936,ZemmourEric,2021-12-06 11:57:35+00:00,7643
1937,ZemmourEric,2021-12-06 11:46:05+00:00,3479
1938,ZemmourEric,2021-12-06 11:33:21+00:00,4263
1939,ZemmourEric,2021-12-06 09:44:18+00:00,4075
1940,ZemmourEric,2021-12-06 09:20:21+00:00,6610
1941,ZemmourEric,2021-12-06 09:07:58+00:00,9774
1942,ZemmourEric,2021-12-05 20:58:24+00:00,2473
1943,ZemmourEric,2021-12-05 17:56:40+00:00,8843
1944,ZemmourEric,2021-12-05 17:44:27+00:00,3901
1945,ZemmourEric,2021-12-05 17:42:18+00:00,5764
1946,ZemmourEric,2021-12-05 17:39:11+00:00,3827
1947,ZemmourEric,2021-12-05 17:35:05+00:00,2048
1948,ZemmourEric,2021-12-05 17:35:05+00:00,3313
1949,ZemmourEric,2021-12-05 17:31:21+00:00,3636
1950,ZemmourEric,2021-12-05 17:28:47+00:00,10425
1951,ZemmourEric,2021-12-05 17:28:08+00:00,5063
1952,ZemmourEric,2021-12-05 17:26:17+00:00,2440
1953,ZemmourEric,2021-12-05 17:26:17+00:00,2502
1954,ZemmourEric,2021-12-05 17:26:16+00:00,6068
1955,ZemmourEric,2021-12-05 17:24:40+00:00,4603
1956,ZemmourEric,2021-12-05 17:23:38+00:00,6983
1957,ZemmourEric,2021-12-05 17:22:33+00:00,1690
1958,ZemmourEric,2021-12-05 17:22:32+00:00,1826
1959,ZemmourEric,2021-12-05 17:22:31+00:00,2993
1960,ZemmourEric,2021-12-05 17:17:59+00:00,3996
1961,ZemmourEric,2021-12-05 17:15:27+00:00,4142
1962,ZemmourEric,2021-12-05 17:14:14+00:00,2948
1963,ZemmourEric,2021-12-05 17:12:35+00:00,2726
1964,ZemmourEric,2021-12-05 17:11:51+00:00,2865
1965,ZemmourEric,2021-12-05 17:08:46+00:00,3842
1966,ZemmourEric,2021-12-05 17:07:22+00:00,3921
1967,ZemmourEric,2021-12-05 17:06:04+00:00,13471
1968,ZemmourEric,2021-12-05 17:03:45+00:00,5125
1969,ZemmourEric,2021-12-05 17:01:53+00:00,2092
1970,ZemmourEric,2021-12-05 17:01:53+00:00,3222
1971,ZemmourEric,2021-12-05 16:58:25+00:00,2308
1972,ZemmourEric,2021-12-05 16:54:17+00:00,1656
1973,ZemmourEric,2021-12-05 16:54:17+00:00,3954
1974,ZemmourEric,2021-12-05 16:51:15+00:00,1892
1975,ZemmourEric,2021-12-05 16:51:15+00:00,2816
1976,ZemmourEric,2021-12-05 16:50:19+00:00,3128
1977,ZemmourEric,2021-12-05 16:43:42+00:00,4338
1978,ZemmourEric,2021-12-05 16:42:03+00:00,6533
1979,ZemmourEric,2021-12-05 14:41:52+00:00,7518
1980,ZemmourEric,2021-12-05 13:48:25+00:00,2125
1981,ZemmourEric,2021-12-05 13:48:24+00:00,3250
1982,ZemmourEric,2021-12-05 13:25:56+00:00,5403
1983,ZemmourEric,2021-12-05 12:43:31+00:00,5810
1984,ZemmourEric,2021-12-04 21:23:49+00:00,6197
1985,ZemmourEric,2021-12-04 17:39:14+00:00,5165
1986,ZemmourEric,2021-12-04 17:22:39+00:00,8918
1987,ZemmourEric,2021-12-04 13:36:02+00:00,4535
1988,ZemmourEric,2021-12-03 21:17:52+00:00,11385
1989,ZemmourEric,2021-12-03 18:00:15+00:00,8511
1990,ZemmourEric,2021-12-03 15:01:59+00:00,7829
1991,ZemmourEric,2021-12-03 14:27:18+00:00,4358
1992,ZemmourEric,2021-12-03 12:00:14+00:00,9911
1993,ZemmourEric,2021-12-03 11:22:45+00:00,6289
1994,ZemmourEric,2021-12-02 20:00:40+00:00,6260
1995,ZemmourEric,2021-12-02 19:08:44+00:00,14788
1996,ZemmourEric,2021-12-02 16:37:46+00:00,6448
1997,ZemmourEric,2021-12-02 15:00:06+00:00,7528
1998,ZemmourEric,2021-12-02 13:08:58+00:00,12986
1999,ZemmourEric,2021-12-01 16:33:40+00:00,8731
2000,ZemmourEric,2021-12-01 16:04:06+00:00,3018
2001,ZemmourEric,2021-12-01 12:08:39+00:00,8620
2002,ZemmourEric,2021-12-01 10:10:04+00:00,5542
